Session Information:,,,,Device Information:,,,,Oarlock Information:,,,,Oarlock Settings:

Name:,JustGo-4447M,,,Name:,Jeremy Austin's SC,,,Firmware:,---,,,Boat ID:,---
Start Time:,02/16/2024 08:24,,,Model:,SpeedCoach GPS Pro,,,,,,,Seat Number:,---
Type:,Just Go,,,Serial:,2469836,,,,,,,Port Starboard:,---
System of Units:,Meters/Split500,,,Firmware Version:,2.22,,,,,,,Oar Length:,---
Speed Input:,GPS,,,Profile Version:,0.03,,,,,,,Inboard Length:,---
,,,,Hardware Version:,Rev 11,,,,,,,,
,,,,LiNK Version:,2.1.68,,,,,,,,


Session Summary:

Total Intervals,Total Distance (GPS),Total Distance (IMP),Total Elapsed Time,Avg Split (GPS),Avg Speed (GPS),Avg Split (IMP),Avg Speed (IMP),Avg Stroke Rate,Total Strokes,Distance/Stroke (GPS),Distance/Stroke (IMP),Avg Heart Rate,Avg Power,Avg Catch,Avg Slip,Avg Finish,Avg Wash,Avg Force Avg,Avg Work,Avg Force Max,Avg Max Force Angle,Start GPS Lat.,Start GPS Lon.
(Interval),(Meters),(Meters),(HH:MM:SS.tenths),(/500),(M/S),(/500),(M/S),(SPM),(Strokes),(Meters),(Meters),(BPM),(Watts),(Degrees),(Degrees),(Degrees),(Degrees),(Newtons),(Joules),(Newtons),(Degrees),(Degrees),(Degrees)
1,4447.2,0.0,00:44:23.2,00:05:01.2,1.66,00:00:00.0,0.00,24.0,507,8.8,0.0,---,---,---,---,---,---,---,---,---,---,52.2346481,0.1716522


Interval Summaries:

Interval,Total Distance (GPS),Total Distance (IMP),Total Elapsed Time,Avg Split (GPS),Avg Speed (GPS),Avg Split (IMP),Avg Speed (IMP),Avg Stroke Rate,Total Strokes,Distance/Stroke (GPS),Distance/Stroke (IMP),Avg Heart Rate,Avg Power,Avg Catch,Avg Slip,Avg Finish,Avg Wash,Avg Force Avg,Avg Work,Avg Force Max,Avg Max Force Angle,Start GPS Lat.,Start GPS Lon.
(Interval),(Meters),(Meters),(HH:MM:SS.tenths),(/500),(M/S),(/500),(M/S),(SPM),(Strokes),(Meters),(Meters),(BPM),(Watts),(Degrees),(Degrees),(Degrees),(Degrees),(Newtons),(Joules),(Newtons),(Degrees),(Degrees),(Degrees)
1,4447.2,0.0,00:44:23.2,00:05:01.2,1.66,00:00:00.0,0.00,24.0,507,8.8,0.0,---,---,---,---,---,---,---,---,---,---,52.2346481,0.1716522



Per-Stroke Data:

Interval,Distance (GPS),Distance (IMP),Elapsed Time,Split (GPS),Speed (GPS),Split (IMP),Speed (IMP),Stroke Rate,Total Strokes,Distance/Stroke (GPS),Distance/Stroke (IMP),Heart Rate,Power,Catch,Slip,Finish,Wash,Force Avg,Work,Force Max,Max Force Angle,GPS Lat.,GPS Lon.
(Interval),(Meters),(Meters),(HH:MM:SS.tenths),(/500),(M/S),(/500),(M/S),(SPM),(Strokes),(Meters),(Meters),(BPM),(Watts),(Degrees),(Degrees),(Degrees),(Degrees),(Newtons),(Joules),(Newtons),(Degrees),(Degrees),(Degrees)
1,0.6,0.0,00:00:02.2,00:59:31.4,0.14,00:00:00.0,0.00,27.5,1,0.6,0.0,---,---,---,---,---,---,---,---,---,---,52.2346481,0.1716522
1,2.4,0.0,00:00:03.6,00:10:09.8,0.82,00:00:00.0,0.00,27.5,2,1.8,0.0,---,---,---,---,---,---,---,---,---,---,52.2346333,0.1716432
1,8.7,0.0,00:00:07.3,00:05:26.8,1.53,00:00:00.0,0.00,16.5,3,6.3,0.0,---,---,---,---,---,---,---,---,---,---,52.2345819,0.1716057
1,16.4,0.0,00:00:10.8,00:04:21.8,1.91,00:00:00.0,0.00,17.0,4,7.7,0.0,---,---,---,---,---,---,---,---,---,---,52.2345199,0.1715548
1,29.8,0.0,00:01:14.6,00:06:18.8,1.32,00:00:00.0,0.00,26.5,5,13.4,0.0,---,---,---,---,---,---,---,---,---,---,52.2344049,0.1714955
1,31.5,0.0,00:01:15.8,00:08:46.3,0.95,00:00:00.0,0.00,28.5,6,1.7,0.0,---,---,---,---,---,---,---,---,---,---,52.2343894,0.1714950
1,37.9,0.0,00:01:19.3,00:05:04.9,1.64,00:00:00.0,0.00,17.5,7,6.4,0.0,---,---,---,---,---,---,---,---,---,---,52.2343324,0.1714847
1,45.9,0.0,00:01:22.8,00:04:10.0,2.00,00:00:00.0,0.00,18.0,8,8.0,0.0,---,---,---,---,---,---,---,---,---,---,52.2342611,0.1714709
1,54.3,0.0,00:01:26.0,00:03:31.0,2.37,00:00:00.0,0.00,17.5,9,8.4,0.0,---,---,---,---,---,---,---,---,---,---,52.2341853,0.1714671
1,63.5,0.0,00:01:29.4,00:03:12.3,2.60,00:00:00.0,0.00,18.0,10,9.2,0.0,---,---,---,---,---,---,---,---,---,---,52.2341027,0.1714663
1,72.5,0.0,00:01:32.6,00:03:05.9,2.69,00:00:00.0,0.00,19.0,11,9.0,0.0,---,---,---,---,---,---,---,---,---,---,52.2340220,0.1714578
1,81.7,0.0,00:01:35.8,00:03:01.8,2.75,00:00:00.0,0.00,18.0,12,9.1,0.0,---,---,---,---,---,---,---,---,---,---,52.2339399,0.1714571
1,90.6,0.0,00:01:39.0,00:02:58.6,2.80,00:00:00.0,0.00,18.5,13,8.9,0.0,---,---,---,---,---,---,---,---,---,---,52.2338602,0.1714473
1,99.3,0.0,00:01:42.0,00:02:57.9,2.81,00:00:00.0,0.00,19.0,14,8.7,0.0,---,---,---,---,---,---,---,---,---,---,52.2337827,0.1714312
1,108.6,0.0,00:01:45.2,00:02:56.1,2.84,00:00:00.0,0.00,19.0,15,9.4,0.0,---,---,---,---,---,---,---,---,---,---,52.2336995,0.1714122
1,117.8,0.0,00:01:48.4,00:02:53.0,2.89,00:00:00.0,0.00,19.0,16,9.2,0.0,---,---,---,---,---,---,---,---,---,---,52.2336174,0.1713932
1,127.6,0.0,00:01:51.6,00:02:51.2,2.92,00:00:00.0,0.00,19.0,17,9.8,0.0,---,---,---,---,---,---,---,---,---,---,52.2335300,0.1713768
1,136.8,0.0,00:01:54.6,00:02:50.1,2.94,00:00:00.0,0.00,19.0,18,9.1,0.0,---,---,---,---,---,---,---,---,---,---,52.2334487,0.1713602
1,146.0,0.0,00:01:57.8,00:02:51.2,2.92,00:00:00.0,0.00,18.5,19,9.2,0.0,---,---,---,---,---,---,---,---,---,---,52.2333663,0.1713442
1,155.3,0.0,00:02:01.2,00:02:56.1,2.84,00:00:00.0,0.00,18.0,20,9.3,0.0,---,---,---,---,---,---,---,---,---,---,52.2332841,0.1713213
1,164.2,0.0,00:02:04.2,00:02:53.0,2.89,00:00:00.0,0.00,19.0,21,8.9,0.0,---,---,---,---,---,---,---,---,---,---,52.2332046,0.1713043
1,174.3,0.0,00:02:07.4,00:02:47.2,2.99,00:00:00.0,0.00,18.0,22,10.1,0.0,---,---,---,---,---,---,---,---,---,---,52.2331145,0.1712877
1,183.9,0.0,00:02:10.6,00:02:46.7,3.00,00:00:00.0,0.00,19.0,23,9.6,0.0,---,---,---,---,---,---,---,---,---,---,52.2330290,0.1712704
1,193.1,0.0,00:02:13.8,00:02:49.5,2.95,00:00:00.0,0.00,19.0,24,9.3,0.0,---,---,---,---,---,---,---,---,---,---,52.2329463,0.1712584
1,202.9,0.0,00:02:17.0,00:02:50.1,2.94,00:00:00.0,0.00,18.0,25,9.8,0.0,---,---,---,---,---,---,---,---,---,---,52.2328591,0.1712411
1,213.0,0.0,00:02:20.4,00:02:48.4,2.97,00:00:00.0,0.00,18.5,26,10.1,0.0,---,---,---,---,---,---,---,---,---,---,52.2327694,0.1712230
1,222.5,0.0,00:02:23.6,00:02:48.4,2.97,00:00:00.0,0.00,18.5,27,9.5,0.0,---,---,---,---,---,---,---,---,---,---,52.2326849,0.1711987
1,316.9,0.0,00:04:03.6,00:10:25.0,0.80,00:00:00.0,0.00,68.0,28,94.4,0.0,---,---,---,---,---,---,---,---,---,---,52.2321643,0.1711628
1,316.9,0.0,00:04:05.4,00:09:09.5,0.91,00:00:00.0,0.00,32.5,29,0.0,0.0,---,---,---,---,---,---,---,---,---,---,52.2321493,0.1711343
1,316.9,0.0,00:04:07.3,00:06:30.6,1.28,00:00:00.0,0.00,32.5,30,0.0,0.0,---,---,---,---,---,---,---,---,---,---,52.2321287,0.1710677
1,316.9,0.0,00:04:09.0,00:04:19.1,1.93,00:00:00.0,0.00,35.0,31,0.0,0.0,---,---,---,---,---,---,---,---,---,---,52.2321226,0.1710517
1,316.9,0.0,00:04:10.6,00:02:57.9,2.81,00:00:00.0,0.00,35.5,32,0.0,0.0,---,---,---,---,---,---,---,---,---,---,52.2321046,0.1710449
1,321.6,0.0,00:04:12.4,00:02:27.1,3.40,00:00:00.0,0.00,37.5,33,4.7,0.0,---,---,---,---,---,---,---,---,---,---,52.2320630,0.1710286
1,326.9,0.0,00:04:14.0,00:02:18.1,3.62,00:00:00.0,0.00,37.0,34,5.3,0.0,---,---,---,---,---,---,---,---,---,---,52.2320168,0.1710112
1,332.9,0.0,00:04:15.6,00:02:10.5,3.83,00:00:00.0,0.00,37.0,35,6.1,0.0,---,---,---,---,---,---,---,---,---,---,52.2319633,0.1709955
1,338.1,0.0,00:04:17.0,00:02:06.3,3.96,00:00:00.0,0.00,37.0,36,5.2,0.0,---,---,---,---,---,---,---,---,---,---,52.2319172,0.1709830
1,344.2,0.0,00:04:18.6,00:02:05.3,3.99,00:00:00.0,0.00,37.5,37,6.1,0.0,---,---,---,---,---,---,---,---,---,---,52.2318631,0.1709687
1,350.9,0.0,00:04:20.2,00:02:02.8,4.07,00:00:00.0,0.00,39.0,38,6.6,0.0,---,---,---,---,---,---,---,---,---,---,52.2318043,0.1709534
1,357.7,0.0,00:04:21.8,00:01:59.6,4.18,00:00:00.0,0.00,37.0,39,6.8,0.0,---,---,---,---,---,---,---,---,---,---,52.2317435,0.1709411
1,364.4,0.0,00:04:23.4,00:01:56.8,4.28,00:00:00.0,0.00,37.5,40,6.7,0.0,---,---,---,---,---,---,---,---,---,---,52.2316838,0.1709300
1,371.1,0.0,00:04:25.2,00:01:55.7,4.32,00:00:00.0,0.00,37.5,41,6.7,0.0,---,---,---,---,---,---,---,---,---,---,52.2316237,0.1709206
1,378.0,0.0,00:04:26.6,00:01:56.3,4.30,00:00:00.0,0.00,38.5,42,6.9,0.0,---,---,---,---,---,---,---,---,---,---,52.2315625,0.1709064
1,384.3,0.0,00:04:28.2,00:01:54.9,4.35,00:00:00.0,0.00,35.5,43,6.4,0.0,---,---,---,---,---,---,---,---,---,---,52.2315060,0.1708929
1,392.7,0.0,00:04:30.0,00:01:54.4,4.37,00:00:00.0,0.00,35.5,44,8.3,0.0,---,---,---,---,---,---,---,---,---,---,52.2314321,0.1708753
1,399.5,0.0,00:04:31.6,00:01:55.2,4.34,00:00:00.0,0.00,35.0,45,6.8,0.0,---,---,---,---,---,---,---,---,---,---,52.2313720,0.1708555
1,407.2,0.0,00:04:33.4,00:01:55.5,4.33,00:00:00.0,0.00,35.5,46,7.8,0.0,---,---,---,---,---,---,---,---,---,---,52.2313050,0.1708260
1,413.8,0.0,00:04:35.0,00:01:55.2,4.34,00:00:00.0,0.00,35.5,47,6.6,0.0,---,---,---,---,---,---,---,---,---,---,52.2312483,0.1708001
1,421.0,0.0,00:04:36.8,00:01:56.8,4.28,00:00:00.0,0.00,34.0,48,7.3,0.0,---,---,---,---,---,---,---,---,---,---,52.2311856,0.1707705
1,427.5,0.0,00:04:38.4,00:01:58.8,4.21,00:00:00.0,0.00,35.5,49,6.5,0.0,---,---,---,---,---,---,---,---,---,---,52.2311295,0.1707451
1,434.5,0.0,00:04:40.3,00:01:59.6,4.18,00:00:00.0,0.00,34.0,50,7.0,0.0,---,---,---,---,---,---,---,---,---,---,52.2310687,0.1707188
1,441.9,0.0,00:04:41.8,00:01:58.2,4.23,00:00:00.0,0.00,35.0,51,7.4,0.0,---,---,---,---,---,---,---,---,---,---,52.2310045,0.1706926
1,449.1,0.0,00:04:43.6,00:01:58.5,4.22,00:00:00.0,0.00,35.5,52,7.2,0.0,---,---,---,---,---,---,---,---,---,---,52.2309414,0.1706703
1,456.2,0.0,00:04:45.4,00:02:02.0,4.10,00:00:00.0,0.00,34.0,53,7.2,0.0,---,---,---,---,---,---,---,---,---,---,52.2308784,0.1706477
1,462.5,0.0,00:04:47.0,00:02:04.1,4.03,00:00:00.0,0.00,35.5,54,6.3,0.0,---,---,---,---,---,---,---,---,---,---,52.2308241,0.1706228
1,469.7,0.0,00:04:48.8,00:02:04.4,4.02,00:00:00.0,0.00,34.0,55,7.2,0.0,---,---,---,---,---,---,---,---,---,---,52.2307619,0.1705961
1,476.6,0.0,00:04:50.6,00:02:03.8,4.04,00:00:00.0,0.00,34.0,56,6.9,0.0,---,---,---,---,---,---,---,---,---,---,52.2307013,0.1705714
1,482.2,0.0,00:04:52.3,00:02:05.3,3.99,00:00:00.0,0.00,35.0,57,5.6,0.0,---,---,---,---,---,---,---,---,---,---,52.2306522,0.1705534
1,489.7,0.0,00:04:54.0,00:02:06.6,3.95,00:00:00.0,0.00,34.0,58,7.5,0.0,---,---,---,---,---,---,---,---,---,---,52.2305873,0.1705261
1,496.0,0.0,00:04:55.8,00:02:06.9,3.94,00:00:00.0,0.00,35.5,59,6.3,0.0,---,---,---,---,---,---,---,---,---,---,52.2305321,0.1705040
1,502.6,0.0,00:04:57.6,00:02:09.2,3.87,00:00:00.0,0.00,32.5,60,6.6,0.0,---,---,---,---,---,---,---,---,---,---,52.2304743,0.1704850
1,508.9,0.0,00:04:59.2,00:02:12.6,3.77,00:00:00.0,0.00,35.5,61,6.3,0.0,---,---,---,---,---,---,---,---,---,---,52.2304190,0.1704667
1,515.6,0.0,00:05:01.2,00:02:10.5,3.83,00:00:00.0,0.00,32.5,62,6.7,0.0,---,---,---,---,---,---,---,---,---,---,52.2303604,0.1704443
1,522.4,0.0,00:05:02.8,00:02:08.2,3.90,00:00:00.0,0.00,35.0,63,6.8,0.0,---,---,---,---,---,---,---,---,---,---,52.2303007,0.1704235
1,529.2,0.0,00:05:04.6,00:02:09.5,3.86,00:00:00.0,0.00,34.0,64,6.9,0.0,---,---,---,---,---,---,---,---,---,---,52.2302403,0.1704036
1,536.0,0.0,00:05:06.4,00:02:08.9,3.88,00:00:00.0,0.00,34.0,65,6.8,0.0,---,---,---,---,---,---,---,---,---,---,52.2301796,0.1703886
1,542.9,0.0,00:05:08.2,00:02:10.9,3.82,00:00:00.0,0.00,32.5,66,6.8,0.0,---,---,---,---,---,---,---,---,---,---,52.2301190,0.1703732
1,549.6,0.0,00:05:10.2,00:02:13.0,3.76,00:00:00.0,0.00,34.0,67,6.7,0.0,---,---,---,---,---,---,---,---,---,---,52.2300595,0.1703548
1,556.2,0.0,00:05:11.8,00:02:11.9,3.79,00:00:00.0,0.00,31.0,68,6.6,0.0,---,---,---,---,---,---,---,---,---,---,52.2300012,0.1703365
1,563.5,0.0,00:05:13.8,00:02:13.7,3.74,00:00:00.0,0.00,32.5,69,7.3,0.0,---,---,---,---,---,---,---,---,---,---,52.2299361,0.1703223
1,570.0,0.0,00:05:15.6,00:02:15.9,3.68,00:00:00.0,0.00,31.0,70,6.4,0.0,---,---,---,---,---,---,---,---,---,---,52.2298792,0.1703068
1,576.5,0.0,00:05:17.4,00:02:17.4,3.64,00:00:00.0,0.00,32.5,71,6.5,0.0,---,---,---,---,---,---,---,---,---,---,52.2298212,0.1702909
1,582.7,0.0,00:05:19.3,00:02:15.9,3.68,00:00:00.0,0.00,32.5,72,6.2,0.0,---,---,---,---,---,---,---,---,---,---,52.2297659,0.1702763
1,590.7,0.0,00:05:21.2,00:02:12.6,3.77,00:00:00.0,0.00,32.5,73,8.0,0.0,---,---,---,---,---,---,---,---,---,---,52.2296948,0.1702610
1,597.4,0.0,00:05:23.0,00:02:13.0,3.76,00:00:00.0,0.00,34.0,74,6.7,0.0,---,---,---,---,---,---,---,---,---,---,52.2296352,0.1702518
1,604.4,0.0,00:05:25.3,00:02:15.5,3.69,00:00:00.0,0.00,27.5,75,7.0,0.0,---,---,---,---,---,---,---,---,---,---,52.2295725,0.1702388
1,612.3,0.0,00:05:27.6,00:02:24.1,3.47,00:00:00.0,0.00,24.0,76,7.9,0.0,---,---,---,---,---,---,---,---,---,---,52.2295024,0.1702258
1,620.0,0.0,00:05:30.4,00:02:42.9,3.07,00:00:00.0,0.00,23.5,77,7.7,0.0,---,---,---,---,---,---,---,---,---,---,52.2294330,0.1702214
1,626.7,0.0,00:05:33.0,00:03:01.8,2.75,00:00:00.0,0.00,21.5,78,6.7,0.0,---,---,---,---,---,---,---,---,---,---,52.2293730,0.1702175
1,634.2,0.0,00:05:36.0,00:03:13.8,2.58,00:00:00.0,0.00,20.5,79,7.5,0.0,---,---,---,---,---,---,---,---,---,---,52.2293059,0.1702091
1,640.9,0.0,00:05:38.8,00:03:21.6,2.48,00:00:00.0,0.00,20.5,80,6.7,0.0,---,---,---,---,---,---,---,---,---,---,52.2292459,0.1702000
1,647.8,0.0,00:05:41.6,00:03:25.8,2.43,00:00:00.0,0.00,21.5,81,6.9,0.0,---,---,---,---,---,---,---,---,---,---,52.2291838,0.1701930
1,655.0,0.0,00:05:44.6,00:03:26.6,2.42,00:00:00.0,0.00,20.0,82,7.2,0.0,---,---,---,---,---,---,---,---,---,---,52.2291192,0.1701819
1,662.0,0.0,00:05:47.6,00:03:26.6,2.42,00:00:00.0,0.00,20.5,83,7.0,0.0,---,---,---,---,---,---,---,---,---,---,52.2290573,0.1701685
1,669.0,0.0,00:05:50.6,00:03:30.1,2.38,00:00:00.0,0.00,19.5,84,7.0,0.0,---,---,---,---,---,---,---,---,---,---,52.2289949,0.1701629
1,676.3,0.0,00:05:53.6,00:03:31.0,2.37,00:00:00.0,0.00,19.0,85,7.3,0.0,---,---,---,---,---,---,---,---,---,---,52.2289295,0.1701515
1,684.0,0.0,00:05:56.8,00:03:27.5,2.41,00:00:00.0,0.00,19.0,86,7.7,0.0,---,---,---,---,---,---,---,---,---,---,52.2288613,0.1701314
1,700.2,0.0,00:06:04.3,00:03:31.0,2.37,00:00:00.0,0.00,8.5,87,16.2,0.0,---,---,---,---,---,---,---,---,---,---,52.2287196,0.1700792
1,707.4,0.0,00:06:07.4,00:03:44.2,2.23,00:00:00.0,0.00,18.5,88,7.2,0.0,---,---,---,---,---,---,---,---,---,---,52.2286577,0.1700483
1,732.6,0.0,00:06:22.8,00:04:55.9,1.69,00:00:00.0,0.00,32.5,89,25.2,0.0,---,---,---,---,---,---,---,---,---,---,52.2284407,0.1699425
1,739.1,0.0,00:06:27.2,00:05:52.1,1.42,00:00:00.0,0.00,10.0,90,6.5,0.0,---,---,---,---,---,---,---,---,---,---,52.2283858,0.1699109
1,746.2,0.0,00:06:30.8,00:04:52.4,1.71,00:00:00.0,0.00,16.0,91,7.2,0.0,---,---,---,---,---,---,---,---,---,---,52.2283265,0.1698700
1,753.6,0.0,00:06:34.2,00:04:08.8,2.01,00:00:00.0,0.00,18.0,92,7.4,0.0,---,---,---,---,---,---,---,---,---,---,52.2282678,0.1698186
1,761.2,0.0,00:06:37.4,00:03:36.4,2.31,00:00:00.0,0.00,18.5,93,7.6,0.0,---,---,---,---,---,---,---,---,---,---,52.2282059,0.1697726
1,769.8,0.0,00:06:40.6,00:03:19.2,2.51,00:00:00.0,0.00,19.0,94,8.6,0.0,---,---,---,---,---,---,---,---,---,---,52.2281343,0.1697252
1,778.5,0.0,00:06:43.8,00:03:08.0,2.66,00:00:00.0,0.00,18.5,95,8.7,0.0,---,---,---,---,---,---,---,---,---,---,52.2280645,0.1696682
1,787.4,0.0,00:06:47.0,00:03:01.2,2.76,00:00:00.0,0.00,18.5,96,8.9,0.0,---,---,---,---,---,---,---,---,---,---,52.2279940,0.1696053
1,796.4,0.0,00:06:50.2,00:02:56.7,2.83,00:00:00.0,0.00,18.5,97,9.0,0.0,---,---,---,---,---,---,---,---,---,---,52.2279256,0.1695352
1,805.4,0.0,00:06:53.4,00:02:54.8,2.86,00:00:00.0,0.00,18.5,98,9.0,0.0,---,---,---,---,---,---,---,---,---,---,52.2278619,0.1694536
1,814.6,0.0,00:06:56.6,00:02:54.2,2.87,00:00:00.0,0.00,18.5,99,9.1,0.0,---,---,---,---,---,---,---,---,---,---,52.2278028,0.1693612
1,823.5,0.0,00:06:59.8,00:02:54.2,2.87,00:00:00.0,0.00,18.5,100,9.0,0.0,---,---,---,---,---,---,---,---,---,---,52.2277466,0.1692671
1,832.5,0.0,00:07:03.0,00:02:54.8,2.86,00:00:00.0,0.00,19.0,101,8.9,0.0,---,---,---,---,---,---,---,---,---,---,52.2276958,0.1691651
1,841.7,0.0,00:07:06.2,00:02:54.2,2.87,00:00:00.0,0.00,18.5,102,9.2,0.0,---,---,---,---,---,---,---,---,---,---,52.2276438,0.1690596
1,850.6,0.0,00:07:09.4,00:02:54.8,2.86,00:00:00.0,0.00,18.5,103,8.9,0.0,---,---,---,---,---,---,---,---,---,---,52.2275950,0.1689556
1,859.5,0.0,00:07:12.6,00:02:59.2,2.79,00:00:00.0,0.00,19.5,104,8.8,0.0,---,---,---,---,---,---,---,---,---,---,52.2275486,0.1688510
1,867.8,0.0,00:07:15.8,00:03:06.6,2.68,00:00:00.0,0.00,18.0,105,8.3,0.0,---,---,---,---,---,---,---,---,---,---,52.2275136,0.1687429
1,876.1,0.0,00:07:19.2,00:03:12.3,2.60,00:00:00.0,0.00,18.0,106,8.3,0.0,---,---,---,---,---,---,---,---,---,---,52.2274831,0.1686323
1,883.9,0.0,00:07:22.3,00:03:14.6,2.57,00:00:00.0,0.00,18.5,107,7.8,0.0,---,---,---,---,---,---,---,---,---,---,52.2274528,0.1685291
1,891.5,0.0,00:07:25.5,00:03:22.4,2.47,00:00:00.0,0.00,18.5,108,7.6,0.0,---,---,---,---,---,---,---,---,---,---,52.2274159,0.1684349
1,899.4,0.0,00:07:28.6,00:03:28.3,2.40,00:00:00.0,0.00,18.5,109,7.9,0.0,---,---,---,---,---,---,---,---,---,---,52.2273665,0.1683522
1,907.4,0.0,00:07:31.8,00:03:23.3,2.46,00:00:00.0,0.00,18.5,110,8.1,0.0,---,---,---,---,---,---,---,---,---,---,52.2273142,0.1682707
1,915.2,0.0,00:07:35.0,00:03:22.4,2.47,00:00:00.0,0.00,18.5,111,7.8,0.0,---,---,---,---,---,---,---,---,---,---,52.2272677,0.1681843
1,923.9,0.0,00:07:38.4,00:03:20.0,2.50,00:00:00.0,0.00,18.0,112,8.7,0.0,---,---,---,---,---,---,---,---,---,---,52.2272249,0.1680778
1,932.5,0.0,00:07:41.6,00:03:11.6,2.61,00:00:00.0,0.00,18.5,113,8.6,0.0,---,---,---,---,---,---,---,---,---,---,52.2271840,0.1679706
1,941.3,0.0,00:07:44.8,00:03:05.2,2.70,00:00:00.0,0.00,19.0,114,8.7,0.0,---,---,---,---,---,---,---,---,---,---,52.2271488,0.1678562
1,949.6,0.0,00:07:48.0,00:03:08.0,2.66,00:00:00.0,0.00,18.5,115,8.4,0.0,---,---,---,---,---,---,---,---,---,---,52.2271192,0.1677433
1,956.6,0.0,00:07:51.0,00:03:19.2,2.51,00:00:00.0,0.00,19.0,116,7.0,0.0,---,---,---,---,---,---,---,---,---,---,52.2270895,0.1676525
1,964.7,0.0,00:07:54.2,00:03:25.8,2.43,00:00:00.0,0.00,18.5,117,8.0,0.0,---,---,---,---,---,---,---,---,---,---,52.2270577,0.1675467
1,972.9,0.0,00:07:57.4,00:03:19.2,2.51,00:00:00.0,0.00,19.0,118,8.2,0.0,---,---,---,---,---,---,---,---,---,---,52.2270210,0.1674425
1,982.0,0.0,00:08:00.8,00:03:10.8,2.62,00:00:00.0,0.00,18.0,119,9.1,0.0,---,---,---,---,---,---,---,---,---,---,52.2269776,0.1673287
1,991.0,0.0,00:08:04.2,00:03:05.2,2.70,00:00:00.0,0.00,19.0,120,9.0,0.0,---,---,---,---,---,---,---,---,---,---,52.2269350,0.1672169
1,999.3,0.0,00:08:07.3,00:03:03.1,2.73,00:00:00.0,0.00,17.5,121,8.3,0.0,---,---,---,---,---,---,---,---,---,---,52.2268914,0.1671189
1,1008.2,0.0,00:08:10.4,00:03:01.2,2.76,00:00:00.0,0.00,18.5,122,9.0,0.0,---,---,---,---,---,---,---,---,---,---,52.2268376,0.1670217
1,1017.7,0.0,00:08:13.6,00:02:56.1,2.84,00:00:00.0,0.00,18.0,123,9.5,0.0,---,---,---,---,---,---,---,---,---,---,52.2267772,0.1669225
1,1027.0,0.0,00:08:17.0,00:02:55.4,2.85,00:00:00.0,0.00,18.5,124,9.3,0.0,---,---,---,---,---,---,---,---,---,---,52.2267144,0.1668323
1,1036.0,0.0,00:08:20.2,00:03:00.5,2.77,00:00:00.0,0.00,18.0,125,9.0,0.0,---,---,---,---,---,---,---,---,---,---,52.2266495,0.1667548
1,1045.6,0.0,00:08:23.6,00:03:05.2,2.70,00:00:00.0,0.00,18.0,126,9.6,0.0,---,---,---,---,---,---,---,---,---,---,52.2265747,0.1666861
1,1055.0,0.0,00:08:26.8,00:03:03.8,2.72,00:00:00.0,0.00,18.0,127,9.5,0.0,---,---,---,---,---,---,---,---,---,---,52.2264961,0.1666326
1,1064.8,0.0,00:08:30.2,00:02:59.2,2.79,00:00:00.0,0.00,17.5,128,9.8,0.0,---,---,---,---,---,---,---,---,---,---,52.2264152,0.1665766
1,1073.0,0.0,00:08:33.4,00:03:05.2,2.70,00:00:00.0,0.00,18.5,129,8.1,0.0,---,---,---,---,---,---,---,---,---,---,52.2263472,0.1665328
1,1094.6,0.0,00:09:40.6,00:34:43.3,0.24,00:00:00.0,0.00,24.0,130,21.7,0.0,---,---,---,---,---,---,---,---,---,---,52.2261673,0.1664712
1,1095.3,0.0,00:09:42.0,00:09:55.2,0.84,00:00:00.0,0.00,31.0,131,0.7,0.0,---,---,---,---,---,---,---,---,---,---,52.2261531,0.1664777
1,1114.0,0.0,00:09:59.2,00:08:20.0,1.00,00:00:00.0,0.00,16.0,132,18.7,0.0,---,---,---,---,---,---,---,---,---,---,52.2259888,0.1664824
1,1116.7,0.0,00:10:02.2,00:09:55.2,0.84,00:00:00.0,0.00,18.5,133,2.7,0.0,---,---,---,---,---,---,---,---,---,---,52.2259666,0.1664665
1,1119.5,0.0,00:10:05.0,00:09:03.5,0.92,00:00:00.0,0.00,20.0,134,2.8,0.0,---,---,---,---,---,---,---,---,---,---,52.2259420,0.1664578
1,1127.2,0.0,00:10:25.4,00:09:48.2,0.85,00:00:00.0,0.00,14.0,135,7.7,0.0,---,---,---,---,---,---,---,---,---,---,52.2258753,0.1664921
1,1134.5,0.0,00:10:29.0,00:05:44.8,1.45,00:00:00.0,0.00,17.5,136,7.3,0.0,---,---,---,---,---,---,---,---,---,---,52.2258105,0.1665150
1,1142.7,0.0,00:10:32.4,00:03:58.1,2.10,00:00:00.0,0.00,17.5,137,8.3,0.0,---,---,---,---,---,---,---,---,---,---,52.2257390,0.1665456
1,1151.3,0.0,00:10:35.6,00:03:24.1,2.45,00:00:00.0,0.00,18.0,138,8.5,0.0,---,---,---,---,---,---,---,---,---,---,52.2256666,0.1665875
1,1160.1,0.0,00:10:38.8,00:03:09.4,2.64,00:00:00.0,0.00,18.5,139,8.8,0.0,---,---,---,---,---,---,---,---,---,---,52.2255916,0.1666268
1,1169.2,0.0,00:10:42.2,00:03:03.8,2.72,00:00:00.0,0.00,18.5,140,9.1,0.0,---,---,---,---,---,---,---,---,---,---,52.2255128,0.1666637
1,1178.3,0.0,00:10:45.4,00:02:59.2,2.79,00:00:00.0,0.00,18.5,141,9.1,0.0,---,---,---,---,---,---,---,---,---,---,52.2254361,0.1667122
1,1187.8,0.0,00:10:48.6,00:02:54.2,2.87,00:00:00.0,0.00,18.0,142,9.4,0.0,---,---,---,---,---,---,---,---,---,---,52.2253550,0.1667529
1,1197.1,0.0,00:10:51.8,00:02:53.6,2.88,00:00:00.0,0.00,18.5,143,9.3,0.0,---,---,---,---,---,---,---,---,---,---,52.2252737,0.1667839
1,1206.5,0.0,00:10:55.3,00:02:55.4,2.85,00:00:00.0,0.00,18.5,144,9.4,0.0,---,---,---,---,---,---,---,---,---,---,52.2251924,0.1668209
1,1215.3,0.0,00:10:58.3,00:02:54.2,2.87,00:00:00.0,0.00,18.5,145,8.9,0.0,---,---,---,---,---,---,---,---,---,---,52.2251148,0.1668502
1,1225.3,0.0,00:11:01.5,00:02:49.5,2.95,00:00:00.0,0.00,18.0,146,9.9,0.0,---,---,---,---,---,---,---,---,---,---,52.2250281,0.1668860
1,1234.7,0.0,00:11:04.8,00:02:49.5,2.95,00:00:00.0,0.00,19.0,147,9.4,0.0,---,---,---,---,---,---,---,---,---,---,52.2249465,0.1669217
1,1244.2,0.0,00:11:08.0,00:02:52.4,2.90,00:00:00.0,0.00,18.0,148,9.5,0.0,---,---,---,---,---,---,---,---,---,---,52.2248630,0.1669490
1,1253.7,0.0,00:11:11.2,00:02:51.8,2.91,00:00:00.0,0.00,18.5,149,9.6,0.0,---,---,---,---,---,---,---,---,---,---,52.2247796,0.1669835
1,1263.1,0.0,00:11:14.4,00:02:51.2,2.92,00:00:00.0,0.00,18.0,150,9.4,0.0,---,---,---,---,---,---,---,---,---,---,52.2246983,0.1670214
1,1272.4,0.0,00:11:17.6,00:02:51.2,2.92,00:00:00.0,0.00,19.0,151,9.2,0.0,---,---,---,---,---,---,---,---,---,---,52.2246182,0.1670567
1,1282.1,0.0,00:11:20.8,00:02:50.1,2.94,00:00:00.0,0.00,18.0,152,9.7,0.0,---,---,---,---,---,---,---,---,---,---,52.2245337,0.1670913
1,1291.7,0.0,00:11:24.0,00:02:47.8,2.98,00:00:00.0,0.00,18.5,153,9.6,0.0,---,---,---,---,---,---,---,---,---,---,52.2244506,0.1671289
1,1301.5,0.0,00:11:27.2,00:02:47.2,2.99,00:00:00.0,0.00,18.5,154,9.8,0.0,---,---,---,---,---,---,---,---,---,---,52.2243658,0.1671682
1,1310.9,0.0,00:11:30.4,00:02:48.4,2.97,00:00:00.0,0.00,18.5,155,9.5,0.0,---,---,---,---,---,---,---,---,---,---,52.2242836,0.1672003
1,1347.4,0.0,00:11:55.4,00:04:52.4,1.71,00:00:00.0,0.00,31.0,156,36.5,0.0,---,---,---,---,---,---,---,---,---,---,52.2239620,0.1673006
1,1350.0,0.0,00:11:56.8,00:07:43.0,1.08,00:00:00.0,0.00,28.5,157,2.6,0.0,---,---,---,---,---,---,---,---,---,---,52.2239390,0.1673084
1,1357.6,0.0,00:12:00.4,00:04:36.2,1.81,00:00:00.0,0.00,17.0,158,7.5,0.0,---,---,---,---,---,---,---,---,---,---,52.2238715,0.1673238
1,1366.0,0.0,00:12:03.8,00:03:46.2,2.21,00:00:00.0,0.00,17.5,159,8.5,0.0,---,---,---,---,---,---,---,---,---,---,52.2237957,0.1673352
1,1374.8,0.0,00:12:07.3,00:03:16.1,2.55,00:00:00.0,0.00,18.0,160,8.8,0.0,---,---,---,---,---,---,---,---,---,---,52.2237171,0.1673331
1,1383.6,0.0,00:12:10.3,00:03:02.5,2.74,00:00:00.0,0.00,18.5,161,8.8,0.0,---,---,---,---,---,---,---,---,---,---,52.2236378,0.1673290
1,1394.2,0.0,00:12:13.6,00:02:52.4,2.90,00:00:00.0,0.00,18.0,162,10.6,0.0,---,---,---,---,---,---,---,---,---,---,52.2235428,0.1673265
1,1442.3,0.0,00:14:33.5,00:05:03.0,1.65,00:00:00.0,0.00,28.5,163,48.2,0.0,---,---,---,---,---,---,---,---,---,---,52.2231166,0.1672684
1,1444.6,0.0,00:14:35.0,00:07:26.4,1.12,00:00:00.0,0.00,27.5,164,2.3,0.0,---,---,---,---,---,---,---,---,---,---,52.2230972,0.1672556
1,1452.1,0.0,00:14:38.7,00:04:30.3,1.85,00:00:00.0,0.00,17.0,165,7.5,0.0,---,---,---,---,---,---,---,---,---,---,52.2230345,0.1672151
1,1460.7,0.0,00:14:42.0,00:03:42.2,2.25,00:00:00.0,0.00,18.0,166,8.6,0.0,---,---,---,---,---,---,---,---,---,---,52.2229612,0.1671744
1,1469.1,0.0,00:14:45.2,00:03:15.3,2.56,00:00:00.0,0.00,18.5,167,8.4,0.0,---,---,---,---,---,---,---,---,---,---,52.2228899,0.1671344
1,1513.6,0.0,00:17:24.7,00:05:24.7,1.54,00:00:00.0,0.00,27.5,168,44.5,0.0,---,---,---,---,---,---,---,---,---,---,52.2226995,0.1670181
1,1513.6,0.0,00:17:26.1,00:08:20.0,1.00,00:00:00.0,0.00,30.0,169,0.0,0.0,---,---,---,---,---,---,---,---,---,---,52.2226845,0.1669984
1,1520.3,0.0,00:17:29.7,00:04:49.0,1.73,00:00:00.0,0.00,17.5,170,6.7,0.0,---,---,---,---,---,---,---,---,---,---,52.2226338,0.1669306
1,1528.3,0.0,00:17:33.1,00:03:52.6,2.15,00:00:00.0,0.00,18.0,171,8.0,0.0,---,---,---,---,---,---,---,---,---,---,52.2225816,0.1668501
1,1536.9,0.0,00:17:36.3,00:03:24.1,2.45,00:00:00.0,0.00,18.5,172,8.6,0.0,---,---,---,---,---,---,---,---,---,---,52.2225308,0.1667554
1,1545.8,0.0,00:17:39.5,00:03:10.8,2.62,00:00:00.0,0.00,18.5,173,8.8,0.0,---,---,---,---,---,---,---,---,---,---,52.2224829,0.1666518
1,1554.9,0.0,00:17:42.7,00:03:03.1,2.73,00:00:00.0,0.00,18.5,174,9.2,0.0,---,---,---,---,---,---,---,---,---,---,52.2224363,0.1665407
1,1564.1,0.0,00:17:45.9,00:03:01.2,2.76,00:00:00.0,0.00,18.0,175,9.2,0.0,---,---,---,---,---,---,---,---,---,---,52.2223922,0.1664267
1,1573.4,0.0,00:17:49.3,00:02:59.2,2.79,00:00:00.0,0.00,19.5,176,9.3,0.0,---,---,---,---,---,---,---,---,---,---,52.2223548,0.1663050
1,1582.3,0.0,00:17:52.3,00:02:54.2,2.87,00:00:00.0,0.00,19.0,177,8.9,0.0,---,---,---,---,---,---,---,---,---,---,52.2223208,0.1661874
1,1591.4,0.0,00:17:55.3,00:02:50.6,2.93,00:00:00.0,0.00,18.0,178,9.1,0.0,---,---,---,---,---,---,---,---,---,---,52.2222852,0.1660666
1,1613.9,0.0,00:18:22.5,00:04:44.1,1.76,00:00:00.0,0.00,28.5,179,22.6,0.0,---,---,---,---,---,---,---,---,---,---,52.2221894,0.1657764
1,1616.4,0.0,00:18:23.9,00:06:56.7,1.20,00:00:00.0,0.00,32.5,180,2.5,0.0,---,---,---,---,---,---,---,---,---,---,52.2221763,0.1657470
1,1624.2,0.0,00:18:27.5,00:04:19.1,1.93,00:00:00.0,0.00,17.5,181,7.8,0.0,---,---,---,---,---,---,---,---,---,---,52.2221387,0.1656509
1,1632.5,0.0,00:18:30.7,00:03:38.3,2.29,00:00:00.0,0.00,18.0,182,8.3,0.0,---,---,---,---,---,---,---,---,---,---,52.2221020,0.1655447
1,1641.5,0.0,00:18:33.9,00:03:13.1,2.59,00:00:00.0,0.00,18.0,183,9.0,0.0,---,---,---,---,---,---,---,---,---,---,52.2220694,0.1654247
1,1663.0,0.0,00:19:37.3,00:04:57.6,1.68,00:00:00.0,0.00,26.5,184,21.6,0.0,---,---,---,---,---,---,---,---,---,---,52.2220144,0.1651980
1,1663.0,0.0,00:19:38.7,00:07:18.6,1.14,00:00:00.0,0.00,30.0,185,0.0,0.0,---,---,---,---,---,---,---,---,---,---,52.2220042,0.1651637
1,1668.1,0.0,00:19:42.3,00:04:33.2,1.83,00:00:00.0,0.00,17.5,186,5.1,0.0,---,---,---,---,---,---,---,---,---,---,52.2219785,0.1650632
1,1676.7,0.0,00:19:45.7,00:03:46.2,2.21,00:00:00.0,0.00,18.0,187,8.6,0.0,---,---,---,---,---,---,---,---,---,---,52.2219542,0.1649429
1,1685.3,0.0,00:19:48.9,00:03:17.6,2.53,00:00:00.0,0.00,18.5,188,8.6,0.0,---,---,---,---,---,---,---,---,---,---,52.2219281,0.1648248
1,1694.0,0.0,00:19:52.3,00:03:08.7,2.65,00:00:00.0,0.00,18.5,189,8.7,0.0,---,---,---,---,---,---,---,---,---,---,52.2219011,0.1647046
1,1702.5,0.0,00:19:55.3,00:03:03.8,2.72,00:00:00.0,0.00,18.5,190,8.4,0.0,---,---,---,---,---,---,---,---,---,---,52.2218709,0.1645910
1,1739.4,0.0,00:20:20.1,00:05:04.9,1.64,00:00:00.0,0.00,38.5,191,37.0,0.0,---,---,---,---,---,---,---,---,---,---,52.2217559,0.1640835
1,1740.5,0.0,00:20:20.7,00:07:22.5,1.13,00:00:00.0,0.00,75.5,192,1.1,0.0,---,---,---,---,---,---,---,---,---,---,52.2217515,0.1640694
1,1744.6,0.0,00:20:22.6,00:04:17.7,1.94,00:00:00.0,0.00,32.5,193,4.1,0.0,---,---,---,---,---,---,---,---,---,---,52.2217342,0.1640161
1,1749.8,0.0,00:20:24.3,00:03:26.6,2.42,00:00:00.0,0.00,33.5,194,5.1,0.0,---,---,---,---,---,---,---,---,---,---,52.2217134,0.1639490
1,1755.6,0.0,00:20:26.1,00:02:51.2,2.92,00:00:00.0,0.00,35.0,195,5.8,0.0,---,---,---,---,---,---,---,---,---,---,52.2216903,0.1638729
1,1761.8,0.0,00:20:27.9,00:02:33.4,3.26,00:00:00.0,0.00,34.0,196,6.2,0.0,---,---,---,---,---,---,---,---,---,---,52.2216614,0.1637948
1,1767.8,0.0,00:20:29.5,00:02:24.1,3.47,00:00:00.0,0.00,37.0,197,6.0,0.0,---,---,---,---,---,---,---,---,---,---,52.2216311,0.1637218
1,1773.9,0.0,00:20:31.3,00:02:16.2,3.67,00:00:00.0,0.00,35.5,198,6.1,0.0,---,---,---,---,---,---,---,---,---,---,52.2216016,0.1636466
1,1780.1,0.0,00:20:32.7,00:02:07.9,3.91,00:00:00.0,0.00,37.5,199,6.2,0.0,---,---,---,---,---,---,---,---,---,---,52.2215731,0.1635689
1,1785.9,0.0,00:20:34.4,00:02:06.6,3.95,00:00:00.0,0.00,38.5,200,5.8,0.0,---,---,---,---,---,---,---,---,---,---,52.2215438,0.1634979
1,1792.9,0.0,00:20:35.9,00:02:02.8,4.07,00:00:00.0,0.00,39.0,201,7.0,0.0,---,---,---,---,---,---,---,---,---,---,52.2215107,0.1634101
1,1798.2,0.0,00:20:37.3,00:01:59.3,4.19,00:00:00.0,0.00,38.0,202,5.3,0.0,---,---,---,---,---,---,---,---,---,---,52.2214873,0.1633432
1,1805.4,0.0,00:20:38.9,00:01:57.1,4.27,00:00:00.0,0.00,38.5,203,7.2,0.0,---,---,---,---,---,---,---,---,---,---,52.2214547,0.1632508
1,1811.6,0.0,00:20:40.4,00:01:56.8,4.28,00:00:00.0,0.00,39.0,204,6.1,0.0,---,---,---,---,---,---,---,---,---,---,52.2214264,0.1631740
1,1818.9,0.0,00:20:42.1,00:01:57.1,4.27,00:00:00.0,0.00,37.5,205,7.4,0.0,---,---,---,---,---,---,---,---,---,---,52.2213950,0.1630786
1,1824.9,0.0,00:20:43.5,00:01:57.4,4.26,00:00:00.0,0.00,38.5,206,6.0,0.0,---,---,---,---,---,---,---,---,---,---,52.2213719,0.1629996
1,1832.3,0.0,00:20:45.3,00:01:58.8,4.21,00:00:00.0,0.00,37.5,207,7.4,0.0,---,---,---,---,---,---,---,---,---,---,52.2213390,0.1629050
1,1838.2,0.0,00:20:46.7,00:01:59.0,4.20,00:00:00.0,0.00,39.0,208,5.9,0.0,---,---,---,---,---,---,---,---,---,---,52.2213140,0.1628293
1,1845.2,0.0,00:20:48.5,00:02:01.7,4.11,00:00:00.0,0.00,36.0,209,7.0,0.0,---,---,---,---,---,---,---,---,---,---,52.2212838,0.1627397
1,1852.0,0.0,00:20:50.3,00:02:06.9,3.94,00:00:00.0,0.00,35.0,210,6.8,0.0,---,---,---,---,---,---,---,---,---,---,52.2212563,0.1626502
1,1891.1,0.0,00:21:36.9,00:06:13.1,1.34,00:00:00.0,0.00,84.0,211,39.0,0.0,---,---,---,---,---,---,---,---,---,---,52.2212051,0.1620988
1,1895.2,0.0,00:21:38.7,00:04:08.8,2.01,00:00:00.0,0.00,34.0,212,4.1,0.0,---,---,---,---,---,---,---,---,---,---,52.2211899,0.1620436
1,1899.4,0.0,00:21:40.4,00:03:24.1,2.45,00:00:00.0,0.00,37.0,213,4.2,0.0,---,---,---,---,---,---,---,---,---,---,52.2211750,0.1619870
1,1905.3,0.0,00:21:41.9,00:02:42.3,3.08,00:00:00.0,0.00,37.0,214,5.9,0.0,---,---,---,---,---,---,---,---,---,---,52.2211523,0.1619090
1,1910.5,0.0,00:21:43.5,00:02:24.5,3.46,00:00:00.0,0.00,37.5,215,5.2,0.0,---,---,---,---,---,---,---,---,---,---,52.2211274,0.1618439
1,1917.1,0.0,00:21:45.1,00:02:16.2,3.67,00:00:00.0,0.00,39.0,216,6.6,0.0,---,---,---,---,---,---,---,---,---,---,52.2210926,0.1617651
1,1922.9,0.0,00:21:46.6,00:02:08.9,3.88,00:00:00.0,0.00,39.0,217,5.8,0.0,---,---,---,---,---,---,---,---,---,---,52.2210629,0.1616962
1,1929.5,0.0,00:21:48.1,00:02:03.5,4.05,00:00:00.0,0.00,39.0,218,6.6,0.0,---,---,---,---,---,---,---,---,---,---,52.2210293,0.1616170
1,1936.2,0.0,00:21:49.7,00:02:01.7,4.11,00:00:00.0,0.00,39.0,219,6.7,0.0,---,---,---,---,---,---,---,---,---,---,52.2209978,0.1615329
1,1942.7,0.0,00:21:51.3,00:02:01.1,4.13,00:00:00.0,0.00,37.0,220,6.5,0.0,---,---,---,---,---,---,---,---,---,---,52.2209716,0.1614482
1,1949.1,0.0,00:21:52.9,00:02:01.7,4.11,00:00:00.0,0.00,39.0,221,6.5,0.0,---,---,---,---,---,---,---,---,---,---,52.2209455,0.1613631
1,1955.0,0.0,00:21:54.3,00:02:02.0,4.10,00:00:00.0,0.00,37.0,222,5.9,0.0,---,---,---,---,---,---,---,---,---,---,52.2209227,0.1612851
1,1961.2,0.0,00:21:55.9,00:02:02.5,4.08,00:00:00.0,0.00,37.5,223,6.1,0.0,---,---,---,---,---,---,---,---,---,---,52.2209026,0.1612015
1,1967.3,0.0,00:21:57.5,00:02:07.6,3.92,00:00:00.0,0.00,39.0,224,6.2,0.0,---,---,---,---,---,---,---,---,---,---,52.2208847,0.1611160
1,1973.7,0.0,00:21:59.1,00:02:10.2,3.84,00:00:00.0,0.00,37.0,225,6.4,0.0,---,---,---,---,---,---,---,---,---,---,52.2208629,0.1610299
1,1980.6,0.0,00:22:00.9,00:02:08.2,3.90,00:00:00.0,0.00,35.5,226,6.9,0.0,---,---,---,---,---,---,---,---,---,---,52.2208391,0.1609362
1,1986.9,0.0,00:22:02.5,00:02:07.9,3.91,00:00:00.0,0.00,37.0,227,6.3,0.0,---,---,---,---,---,---,---,---,---,---,52.2208197,0.1608495
1,1993.2,0.0,00:22:04.3,00:02:08.2,3.90,00:00:00.0,0.00,35.5,228,6.3,0.0,---,---,---,---,---,---,---,---,---,---,52.2208016,0.1607620
1,1999.5,0.0,00:22:05.7,00:02:06.3,3.96,00:00:00.0,0.00,37.0,229,6.3,0.0,---,---,---,---,---,---,---,---,---,---,52.2207813,0.1606759
1,2005.1,0.0,00:22:07.3,00:02:07.6,3.92,00:00:00.0,0.00,37.0,230,5.7,0.0,---,---,---,---,---,---,---,---,---,---,52.2207629,0.1605984
1,2012.5,0.0,00:22:09.1,00:02:06.3,3.96,00:00:00.0,0.00,35.5,231,7.4,0.0,---,---,---,---,---,---,---,---,---,---,52.2207403,0.1604961
1,2018.7,0.0,00:22:10.7,00:02:07.2,3.93,00:00:00.0,0.00,35.5,232,6.2,0.0,---,---,---,---,---,---,---,---,---,---,52.2207224,0.1604101
1,2025.5,0.0,00:22:12.5,00:02:10.5,3.83,00:00:00.0,0.00,35.5,233,6.8,0.0,---,---,---,---,---,---,---,---,---,---,52.2207051,0.1603146
1,2032.4,0.0,00:22:14.3,00:02:11.9,3.79,00:00:00.0,0.00,34.0,234,6.9,0.0,---,---,---,---,---,---,---,---,---,---,52.2206888,0.1602175
1,2038.6,0.0,00:22:15.9,00:02:12.6,3.77,00:00:00.0,0.00,34.0,235,6.2,0.0,---,---,---,---,---,---,---,---,---,---,52.2206708,0.1601319
1,2045.4,0.0,00:22:17.7,00:02:12.3,3.78,00:00:00.0,0.00,34.0,236,6.9,0.0,---,---,---,---,---,---,---,---,---,---,52.2206514,0.1600364
1,2051.7,0.0,00:22:19.5,00:02:11.2,3.81,00:00:00.0,0.00,34.0,237,6.2,0.0,---,---,---,---,---,---,---,---,---,---,52.2206355,0.1599488
1,2058.8,0.0,00:22:21.3,00:02:09.2,3.87,00:00:00.0,0.00,34.0,238,7.2,0.0,---,---,---,---,---,---,---,---,---,---,52.2206172,0.1598484
1,2065.5,0.0,00:22:23.1,00:02:12.3,3.78,00:00:00.0,0.00,34.0,239,6.7,0.0,---,---,---,---,---,---,---,---,---,---,52.2205990,0.1597543
1,2072.5,0.0,00:22:24.9,00:02:14.0,3.73,00:00:00.0,0.00,32.5,240,6.9,0.0,---,---,---,---,---,---,---,---,---,---,52.2205777,0.1596590
1,2079.2,0.0,00:22:26.7,00:02:13.0,3.76,00:00:00.0,0.00,34.0,241,6.7,0.0,---,---,---,---,---,---,---,---,---,---,52.2205594,0.1595652
1,2085.3,0.0,00:22:28.5,00:02:14.4,3.72,00:00:00.0,0.00,32.5,242,6.1,0.0,---,---,---,---,---,---,---,---,---,---,52.2205461,0.1594780
1,2092.3,0.0,00:22:30.3,00:02:14.0,3.73,00:00:00.0,0.00,32.5,243,7.0,0.0,---,---,---,---,---,---,---,---,---,---,52.2205302,0.1593784
1,2099.2,0.0,00:22:32.3,00:02:17.4,3.64,00:00:00.0,0.00,32.5,244,6.9,0.0,---,---,---,---,---,---,---,---,---,---,52.2205066,0.1592849
1,2105.5,0.0,00:22:34.3,00:02:22.9,3.50,00:00:00.0,0.00,32.5,245,6.4,0.0,---,---,---,---,---,---,---,---,---,---,52.2204844,0.1591993
1,2111.8,0.0,00:22:35.9,00:02:23.3,3.49,00:00:00.0,0.00,32.5,246,6.3,0.0,---,---,---,---,---,---,---,---,---,---,52.2204649,0.1591132
1,2117.9,0.0,00:22:37.7,00:02:24.1,3.47,00:00:00.0,0.00,32.5,247,6.1,0.0,---,---,---,---,---,---,---,---,---,---,52.2204455,0.1590294
1,2124.2,0.0,00:22:39.5,00:02:23.7,3.48,00:00:00.0,0.00,32.5,248,6.3,0.0,---,---,---,---,---,---,---,---,---,---,52.2204301,0.1589406
1,2131.1,0.0,00:22:41.5,00:02:23.3,3.49,00:00:00.0,0.00,32.5,249,7.0,0.0,---,---,---,---,---,---,---,---,---,---,52.2204162,0.1588411
1,2137.0,0.0,00:22:43.3,00:02:23.7,3.48,00:00:00.0,0.00,31.0,250,5.9,0.0,---,---,---,---,---,---,---,---,---,---,52.2204025,0.1587579
1,2144.5,0.0,00:22:45.3,00:02:20.4,3.56,00:00:00.0,0.00,32.5,251,7.5,0.0,---,---,---,---,---,---,---,---,---,---,52.2203874,0.1586507
1,2150.9,0.0,00:22:47.1,00:02:21.6,3.53,00:00:00.0,0.00,31.0,252,6.4,0.0,---,---,---,---,---,---,---,---,---,---,52.2203792,0.1585576
1,2157.2,0.0,00:22:48.9,00:02:24.9,3.45,00:00:00.0,0.00,31.0,253,6.3,0.0,---,---,---,---,---,---,---,---,---,---,52.2203715,0.1584663
1,2163.9,0.0,00:22:50.9,00:02:25.8,3.43,00:00:00.0,0.00,32.5,254,6.7,0.0,---,---,---,---,---,---,---,---,---,---,52.2203601,0.1583695
1,2170.2,0.0,00:22:52.7,00:02:26.2,3.42,00:00:00.0,0.00,32.5,255,6.3,0.0,---,---,---,---,---,---,---,---,---,---,52.2203477,0.1582793
1,2177.0,0.0,00:22:54.7,00:02:23.3,3.49,00:00:00.0,0.00,31.0,256,6.8,0.0,---,---,---,---,---,---,---,---,---,---,52.2203312,0.1581835
1,2183.3,0.0,00:22:56.5,00:02:24.5,3.46,00:00:00.0,0.00,34.0,257,6.3,0.0,---,---,---,---,---,---,---,---,---,---,52.2203169,0.1580940
1,2189.3,0.0,00:22:58.4,00:02:22.9,3.50,00:00:00.0,0.00,31.0,258,5.9,0.0,---,---,---,---,---,---,---,---,---,---,52.2203080,0.1580082
1,2197.0,0.0,00:23:00.3,00:02:15.1,3.70,00:00:00.0,0.00,32.5,259,7.7,0.0,---,---,---,---,---,---,---,---,---,---,52.2203011,0.1578958
1,2203.5,0.0,00:23:02.1,00:02:15.9,3.68,00:00:00.0,0.00,34.0,260,6.5,0.0,---,---,---,---,---,---,---,---,---,---,52.2202936,0.1578006
1,2210.1,0.0,00:23:03.9,00:02:17.7,3.63,00:00:00.0,0.00,32.5,261,6.6,0.0,---,---,---,---,---,---,---,---,---,---,52.2202854,0.1577051
1,2216.8,0.0,00:23:05.7,00:02:18.1,3.62,00:00:00.0,0.00,32.5,262,6.7,0.0,---,---,---,---,---,---,---,---,---,---,52.2202767,0.1576083
1,2223.4,0.0,00:23:07.6,00:02:17.4,3.64,00:00:00.0,0.00,31.0,263,6.6,0.0,---,---,---,---,---,---,---,---,---,---,52.2202643,0.1575134
1,2230.5,0.0,00:23:09.5,00:02:15.9,3.68,00:00:00.0,0.00,32.5,264,7.1,0.0,---,---,---,---,---,---,---,---,---,---,52.2202549,0.1574106
1,2237.0,0.0,00:23:11.3,00:02:18.9,3.60,00:00:00.0,0.00,32.5,265,6.5,0.0,---,---,---,---,---,---,---,---,---,---,52.2202470,0.1573160
1,2243.2,0.0,00:23:13.3,00:02:20.8,3.55,00:00:00.0,0.00,32.5,266,6.2,0.0,---,---,---,---,---,---,---,---,---,---,52.2202419,0.1572255
1,2250.0,0.0,00:23:15.1,00:02:20.1,3.57,00:00:00.0,0.00,32.5,267,6.9,0.0,---,---,---,---,---,---,---,---,---,---,52.2202380,0.1571249
1,2256.3,0.0,00:23:16.9,00:02:22.0,3.52,00:00:00.0,0.00,32.5,268,6.3,0.0,---,---,---,---,---,---,---,---,---,---,52.2202310,0.1570333
1,2287.0,0.0,00:23:35.7,00:04:07.5,2.02,00:00:00.0,0.00,33.5,269,30.7,0.0,---,---,---,---,---,---,---,---,---,---,52.2201661,0.1565962
1,2288.3,0.0,00:23:36.7,00:08:05.4,1.03,00:00:00.0,0.00,37.0,270,1.3,0.0,---,---,---,---,---,---,---,---,---,---,52.2201631,0.1565783
1,2292.1,0.0,00:23:39.9,00:06:24.6,1.30,00:00:00.0,0.00,19.0,271,3.8,0.0,---,---,---,---,---,---,---,---,---,---,52.2201582,0.1565221
1,2297.6,0.0,00:23:43.4,00:06:30.6,1.28,00:00:00.0,0.00,19.5,272,5.5,0.0,---,---,---,---,---,---,---,---,---,---,52.2201720,0.1564427
1,2304.9,0.0,00:23:46.4,00:05:20.5,1.56,00:00:00.0,0.00,20.0,273,7.3,0.0,---,---,---,---,---,---,---,---,---,---,52.2201830,0.1563361
1,2313.0,0.0,00:23:49.4,00:04:07.5,2.02,00:00:00.0,0.00,19.5,274,8.0,0.0,---,---,---,---,---,---,---,---,---,---,52.2201842,0.1562183
1,2320.9,0.0,00:23:52.4,00:03:38.3,2.29,00:00:00.0,0.00,19.5,275,7.9,0.0,---,---,---,---,---,---,---,---,---,---,52.2201783,0.1561027
1,2328.5,0.0,00:23:55.4,00:03:26.6,2.42,00:00:00.0,0.00,20.0,276,7.6,0.0,---,---,---,---,---,---,---,---,---,---,52.2201637,0.1559934
1,2336.3,0.0,00:23:57.9,00:03:17.6,2.53,00:00:00.0,0.00,20.5,277,7.8,0.0,---,---,---,---,---,---,---,---,---,---,52.2201447,0.1558825
1,2344.3,0.0,00:24:00.9,00:03:11.6,2.61,00:00:00.0,0.00,20.5,278,8.0,0.0,---,---,---,---,---,---,---,---,---,---,52.2201283,0.1557684
1,2352.5,0.0,00:24:03.9,00:03:06.6,2.68,00:00:00.0,0.00,20.0,279,8.2,0.0,---,---,---,---,---,---,---,---,---,---,52.2201053,0.1556550
1,2360.2,0.0,00:24:06.7,00:03:06.6,2.68,00:00:00.0,0.00,20.5,280,7.7,0.0,---,---,---,---,---,---,---,---,---,---,52.2200786,0.1555508
1,2368.4,0.0,00:24:09.7,00:03:08.7,2.65,00:00:00.0,0.00,20.0,281,8.2,0.0,---,---,---,---,---,---,---,---,---,---,52.2200528,0.1554382
1,2405.8,0.0,00:25:38.7,00:05:18.5,1.57,00:00:00.0,0.00,25.5,282,37.4,0.0,---,---,---,---,---,---,---,---,---,---,52.2199367,0.1550527
1,2405.8,0.0,00:25:39.9,00:09:21.8,0.89,00:00:00.0,0.00,30.0,283,0.0,0.0,---,---,---,---,---,---,---,---,---,---,52.2199283,0.1550318
1,2406.5,0.0,00:25:43.7,00:05:22.6,1.55,00:00:00.0,0.00,17.0,284,0.8,0.0,---,---,---,---,---,---,---,---,---,---,52.2198973,0.1549445
1,2434.3,0.0,00:26:49.9,00:06:43.2,1.24,00:00:00.0,0.00,27.5,285,27.8,0.0,---,---,---,---,---,---,---,---,---,---,52.2197985,0.1545839
1,2435.5,0.0,00:26:51.3,00:08:30.2,0.98,00:00:00.0,0.00,31.0,286,1.2,0.0,---,---,---,---,---,---,---,---,---,---,52.2197864,0.1545619
1,2442.3,0.0,00:26:54.7,00:05:01.2,1.66,00:00:00.0,0.00,17.5,287,6.7,0.0,---,---,---,---,---,---,---,---,---,---,52.2197485,0.1544824
1,2449.9,0.0,00:26:57.9,00:04:03.9,2.05,00:00:00.0,0.00,18.5,288,7.6,0.0,---,---,---,---,---,---,---,---,---,---,52.2197092,0.1543906
1,2458.3,0.0,00:27:01.4,00:03:26.6,2.42,00:00:00.0,0.00,18.5,289,8.3,0.0,---,---,---,---,---,---,---,---,---,---,52.2196649,0.1542917
1,2466.4,0.0,00:27:04.4,00:03:13.1,2.59,00:00:00.0,0.00,19.0,290,8.1,0.0,---,---,---,---,---,---,---,---,---,---,52.2196299,0.1541872
1,2475.4,0.0,00:27:07.5,00:03:05.2,2.70,00:00:00.0,0.00,19.0,291,9.0,0.0,---,---,---,---,---,---,---,---,---,---,52.2195900,0.1540724
1,2485.0,0.0,00:27:10.7,00:02:56.7,2.83,00:00:00.0,0.00,18.0,292,9.6,0.0,---,---,---,---,---,---,---,---,---,---,52.2195422,0.1539546
1,2494.6,0.0,00:27:14.1,00:02:54.8,2.86,00:00:00.0,0.00,18.5,293,9.6,0.0,---,---,---,---,---,---,---,---,---,---,52.2194938,0.1538390
1,2503.8,0.0,00:27:17.3,00:02:54.8,2.86,00:00:00.0,0.00,18.5,294,9.2,0.0,---,---,---,---,---,---,---,---,---,---,52.2194459,0.1537287
1,2513.0,0.0,00:27:20.5,00:02:51.8,2.91,00:00:00.0,0.00,18.0,295,9.3,0.0,---,---,---,---,---,---,---,---,---,---,52.2193973,0.1536188
1,2557.7,0.0,00:28:35.9,00:04:52.4,1.71,00:00:00.0,0.00,15.0,296,44.7,0.0,---,---,---,---,---,---,---,---,---,---,52.2192131,0.1532443
1,2557.7,0.0,00:28:39.9,00:14:07.5,0.59,00:00:00.0,0.00,31.0,297,0.0,0.0,---,---,---,---,---,---,---,---,---,---,52.2192048,0.1532004
1,2557.7,0.0,00:28:40.9,00:11:15.7,0.74,00:00:00.0,0.00,17.5,298,0.0,0.0,---,---,---,---,---,---,---,---,---,---,52.2192030,0.1531909
1,2557.7,0.0,00:29:30.7,00:17:00.4,0.49,00:00:00.0,0.00,14.5,299,0.0,0.0,---,---,---,---,---,---,---,---,---,---,52.2191941,0.1531128
1,2560.3,0.0,00:29:34.4,00:07:00.2,1.19,00:00:00.0,0.00,17.5,300,2.6,0.0,---,---,---,---,---,---,---,---,---,---,52.2191579,0.1530487
1,2567.5,0.0,00:29:37.5,00:04:26.0,1.88,00:00:00.0,0.00,18.0,301,7.2,0.0,---,---,---,---,---,---,---,---,---,---,52.2191196,0.1529641
1,2576.1,0.0,00:29:40.8,00:03:33.7,2.34,00:00:00.0,0.00,18.0,302,8.6,0.0,---,---,---,---,---,---,---,---,---,---,52.2190873,0.1528497
1,2609.8,0.0,00:30:44.9,00:05:08.6,1.62,00:00:00.0,0.00,13.5,303,33.7,0.0,---,---,---,---,---,---,---,---,---,---,52.2189972,0.1523946
1,2613.5,0.0,00:30:48.9,00:09:34.7,0.87,00:00:00.0,0.00,15.0,304,3.7,0.0,---,---,---,---,---,---,---,---,---,---,52.2189818,0.1523295
1,2618.5,0.0,00:30:52.4,00:06:27.6,1.29,00:00:00.0,0.00,17.5,305,5.0,0.0,---,---,---,---,---,---,---,---,---,---,52.2189632,0.1522630
1,2624.6,0.0,00:30:55.6,00:05:10.6,1.61,00:00:00.0,0.00,18.0,306,6.1,0.0,---,---,---,---,---,---,---,---,---,---,52.2189444,0.1521792
1,2631.2,0.0,00:30:59.0,00:04:27.4,1.87,00:00:00.0,0.00,18.0,307,6.7,0.0,---,---,---,---,---,---,---,---,---,---,52.2189302,0.1520835
1,2637.8,0.0,00:31:02.1,00:04:11.3,1.99,00:00:00.0,0.00,18.5,308,6.6,0.0,---,---,---,---,---,---,---,---,---,---,52.2189105,0.1519925
1,2644.3,0.0,00:31:05.4,00:04:08.8,2.01,00:00:00.0,0.00,19.0,309,6.5,0.0,---,---,---,---,---,---,---,---,---,---,52.2188938,0.1519017
1,2651.0,0.0,00:31:08.5,00:04:02.7,2.06,00:00:00.0,0.00,19.0,310,6.7,0.0,---,---,---,---,---,---,---,---,---,---,52.2188801,0.1518057
1,2658.1,0.0,00:31:11.8,00:03:54.7,2.13,00:00:00.0,0.00,19.0,311,7.1,0.0,---,---,---,---,---,---,---,---,---,---,52.2188615,0.1517067
1,2681.9,0.0,00:31:42.1,00:19:50.5,0.42,00:00:00.0,0.00,73.5,312,23.8,0.0,---,---,---,---,---,---,---,---,---,---,52.2188015,0.1513715
1,2686.0,0.0,00:31:44.2,00:04:44.1,1.76,00:00:00.0,0.00,34.0,313,4.1,0.0,---,---,---,---,---,---,---,---,---,---,52.2187890,0.1513147
1,2690.6,0.0,00:31:45.7,00:03:42.2,2.25,00:00:00.0,0.00,34.0,314,4.5,0.0,---,---,---,---,---,---,---,---,---,---,52.2187780,0.1512507
1,2696.3,0.0,00:31:47.5,00:02:58.6,2.80,00:00:00.0,0.00,37.0,315,5.7,0.0,---,---,---,---,---,---,---,---,---,---,52.2187623,0.1511708
1,2701.9,0.0,00:31:49.4,00:02:35.3,3.22,00:00:00.0,0.00,35.5,316,5.7,0.0,---,---,---,---,---,---,---,---,---,---,52.2187433,0.1510936
1,2708.0,0.0,00:31:50.8,00:02:18.9,3.60,00:00:00.0,0.00,35.5,317,6.0,0.0,---,---,---,---,---,---,---,---,---,---,52.2187200,0.1510138
1,2713.6,0.0,00:31:52.4,00:02:11.2,3.81,00:00:00.0,0.00,37.0,318,5.6,0.0,---,---,---,---,---,---,---,---,---,---,52.2186981,0.1509399
1,2721.2,0.0,00:31:54.1,00:02:05.6,3.98,00:00:00.0,0.00,37.0,319,7.6,0.0,---,---,---,---,---,---,---,---,---,---,52.2186717,0.1508371
1,2727.5,0.0,00:31:55.7,00:02:05.0,4.00,00:00:00.0,0.00,35.5,320,6.3,0.0,---,---,---,---,---,---,---,---,---,---,52.2186515,0.1507501
1,2733.9,0.0,00:31:57.4,00:02:05.3,3.99,00:00:00.0,0.00,37.0,321,6.4,0.0,---,---,---,---,---,---,---,---,---,---,52.2186296,0.1506630
1,2740.4,0.0,00:31:58.9,00:02:05.0,4.00,00:00:00.0,0.00,37.0,322,6.5,0.0,---,---,---,---,---,---,---,---,---,---,52.2186072,0.1505759
1,2747.6,0.0,00:32:00.7,00:02:04.7,4.01,00:00:00.0,0.00,35.5,323,7.2,0.0,---,---,---,---,---,---,---,---,---,---,52.2185811,0.1504796
1,2754.1,0.0,00:32:02.3,00:02:05.3,3.99,00:00:00.0,0.00,37.0,324,6.5,0.0,---,---,---,---,---,---,---,---,---,---,52.2185566,0.1503924
1,2760.5,0.0,00:32:04.0,00:02:05.3,3.99,00:00:00.0,0.00,36.0,325,6.4,0.0,---,---,---,---,---,---,---,---,---,---,52.2185339,0.1503066
1,2766.8,0.0,00:32:05.5,00:02:05.6,3.98,00:00:00.0,0.00,37.0,326,6.3,0.0,---,---,---,---,---,---,---,---,---,---,52.2185103,0.1502229
1,2773.0,0.0,00:32:07.4,00:02:07.9,3.91,00:00:00.0,0.00,35.5,327,6.3,0.0,---,---,---,---,---,---,---,---,---,---,52.2184855,0.1501403
1,2780.0,0.0,00:32:08.9,00:02:05.6,3.98,00:00:00.0,0.00,35.5,328,7.0,0.0,---,---,---,---,---,---,---,---,---,---,52.2184565,0.1500497
1,2796.9,0.0,00:32:13.9,00:02:10.9,3.82,00:00:00.0,0.00,13.0,329,16.9,0.0,---,---,---,---,---,---,---,---,---,---,52.2183818,0.1498333
1,2802.8,0.0,00:32:16.4,00:02:33.4,3.26,00:00:00.0,0.00,23.5,330,5.8,0.0,---,---,---,---,---,---,---,---,---,---,52.2183593,0.1497555
1,2810.1,0.0,00:32:18.9,00:03:01.8,2.75,00:00:00.0,0.00,22.0,331,7.2,0.0,---,---,---,---,---,---,---,---,---,---,52.2183248,0.1496652
1,2816.8,0.0,00:32:21.5,00:03:16.1,2.55,00:00:00.0,0.00,22.0,332,6.7,0.0,---,---,---,---,---,---,---,---,---,---,52.2182911,0.1495833
1,2823.7,0.0,00:32:24.5,00:03:24.9,2.44,00:00:00.0,0.00,23.5,333,6.9,0.0,---,---,---,---,---,---,---,---,---,---,52.2182607,0.1494955
1,2855.2,0.0,00:33:12.5,00:08:25.0,0.99,00:00:00.0,0.00,26.5,334,31.6,0.0,---,---,---,---,---,---,---,---,---,---,52.2181810,0.1490626
1,2856.9,0.0,00:33:13.9,00:08:57.6,0.93,00:00:00.0,0.00,28.5,335,1.7,0.0,---,---,---,---,---,---,---,---,---,---,52.2181764,0.1490375
1,2863.5,0.0,00:33:17.6,00:05:22.6,1.55,00:00:00.0,0.00,17.5,336,6.6,0.0,---,---,---,---,---,---,---,---,---,---,52.2181580,0.1489448
1,2870.9,0.0,00:33:20.7,00:04:15.1,1.96,00:00:00.0,0.00,18.5,337,7.3,0.0,---,---,---,---,---,---,---,---,---,---,52.2181367,0.1488431
1,2878.6,0.0,00:33:23.7,00:03:32.8,2.35,00:00:00.0,0.00,19.0,338,7.7,0.0,---,---,---,---,---,---,---,---,---,---,52.2181160,0.1487353
1,2886.6,0.0,00:33:26.8,00:03:15.3,2.56,00:00:00.0,0.00,19.5,339,8.0,0.0,---,---,---,---,---,---,---,---,---,---,52.2180960,0.1486223
1,2894.9,0.0,00:33:29.7,00:03:08.0,2.66,00:00:00.0,0.00,20.0,340,8.3,0.0,---,---,---,---,---,---,---,---,---,---,52.2180760,0.1485056
1,2903.9,0.0,00:33:32.9,00:03:01.2,2.76,00:00:00.0,0.00,19.0,341,9.0,0.0,---,---,---,---,---,---,---,---,---,---,52.2180536,0.1483790
1,2912.4,0.0,00:33:36.0,00:02:56.7,2.83,00:00:00.0,0.00,19.5,342,8.5,0.0,---,---,---,---,---,---,---,---,---,---,52.2180296,0.1482602
1,2921.6,0.0,00:33:39.1,00:02:54.8,2.86,00:00:00.0,0.00,19.5,343,9.2,0.0,---,---,---,---,---,---,---,---,---,---,52.2180071,0.1481308
1,2930.3,0.0,00:33:42.2,00:02:53.6,2.88,00:00:00.0,0.00,19.5,344,8.7,0.0,---,---,---,---,---,---,---,---,---,---,52.2179918,0.1480056
1,2939.0,0.0,00:33:45.2,00:02:52.4,2.90,00:00:00.0,0.00,19.5,345,8.7,0.0,---,---,---,---,---,---,---,---,---,---,52.2179744,0.1478808
1,2947.9,0.0,00:33:48.2,00:02:51.2,2.92,00:00:00.0,0.00,20.0,346,8.9,0.0,---,---,---,---,---,---,---,---,---,---,52.2179517,0.1477562
1,2956.8,0.0,00:33:51.2,00:02:50.1,2.94,00:00:00.0,0.00,19.5,347,9.0,0.0,---,---,---,---,---,---,---,---,---,---,52.2179276,0.1476305
1,2965.5,0.0,00:33:54.2,00:02:49.5,2.95,00:00:00.0,0.00,20.0,348,8.7,0.0,---,---,---,---,---,---,---,---,---,---,52.2179085,0.1475070
1,2974.1,0.0,00:33:57.1,00:02:51.2,2.92,00:00:00.0,0.00,20.0,349,8.6,0.0,---,---,---,---,---,---,---,---,---,---,52.2178858,0.1473863
1,2982.9,0.0,00:34:00.2,00:02:51.8,2.91,00:00:00.0,0.00,20.5,350,8.7,0.0,---,---,---,---,---,---,---,---,---,---,52.2178645,0.1472631
1,2991.6,0.0,00:34:03.1,00:02:50.1,2.94,00:00:00.0,0.00,20.0,351,8.8,0.0,---,---,---,---,---,---,---,---,---,---,52.2178421,0.1471397
1,3000.6,0.0,00:34:06.1,00:02:48.4,2.97,00:00:00.0,0.00,20.0,352,9.0,0.0,---,---,---,---,---,---,---,---,---,---,52.2178183,0.1470137
1,3009.6,0.0,00:34:09.2,00:02:47.2,2.99,00:00:00.0,0.00,19.5,353,9.0,0.0,---,---,---,---,---,---,---,---,---,---,52.2177934,0.1468880
1,3018.6,0.0,00:34:12.1,00:02:45.6,3.02,00:00:00.0,0.00,20.0,354,9.0,0.0,---,---,---,---,---,---,---,---,---,---,52.2177610,0.1467672
1,3027.6,0.0,00:34:15.1,00:02:46.1,3.01,00:00:00.0,0.00,19.5,355,8.9,0.0,---,---,---,---,---,---,---,---,---,---,52.2177304,0.1466462
1,3037.0,0.0,00:34:18.4,00:02:48.4,2.97,00:00:00.0,0.00,19.0,356,9.5,0.0,---,---,---,---,---,---,---,---,---,---,52.2176934,0.1465214
1,3045.7,0.0,00:34:21.4,00:02:51.2,2.92,00:00:00.0,0.00,19.0,357,8.7,0.0,---,---,---,---,---,---,---,---,---,---,52.2176554,0.1464106
1,3054.9,0.0,00:34:24.6,00:02:54.2,2.87,00:00:00.0,0.00,19.5,358,9.2,0.0,---,---,---,---,---,---,---,---,---,---,52.2176122,0.1462955
1,3063.2,0.0,00:34:27.6,00:02:59.9,2.78,00:00:00.0,0.00,18.5,359,8.4,0.0,---,---,---,---,---,---,---,---,---,---,52.2175803,0.1461847
1,3071.7,0.0,00:34:30.8,00:03:07.3,2.67,00:00:00.0,0.00,19.5,360,8.4,0.0,---,---,---,---,---,---,---,---,---,---,52.2175474,0.1460738
1,3079.4,0.0,00:34:34.0,00:03:15.3,2.56,00:00:00.0,0.00,19.0,361,7.8,0.0,---,---,---,---,---,---,---,---,---,---,52.2175133,0.1459746
1,3086.6,0.0,00:34:37.4,00:03:32.8,2.35,00:00:00.0,0.00,19.0,362,7.2,0.0,---,---,---,---,---,---,---,---,---,---,52.2174757,0.1458895
1,3093.3,0.0,00:34:40.4,00:03:51.5,2.16,00:00:00.0,0.00,19.0,363,6.7,0.0,---,---,---,---,---,---,---,---,---,---,52.2174322,0.1458218
1,3101.2,0.0,00:34:43.4,00:03:31.0,2.37,00:00:00.0,0.00,19.5,364,8.0,0.0,---,---,---,---,---,---,---,---,---,---,52.2173715,0.1457600
1,3109.5,0.0,00:34:46.4,00:03:05.9,2.69,00:00:00.0,0.00,19.0,365,8.3,0.0,---,---,---,---,---,---,---,---,---,---,52.2173017,0.1457176
1,3117.8,0.0,00:34:49.4,00:03:04.5,2.71,00:00:00.0,0.00,19.5,366,8.3,0.0,---,---,---,---,---,---,---,---,---,---,52.2172319,0.1456760
1,3127.4,0.0,00:34:52.5,00:03:01.8,2.75,00:00:00.0,0.00,19.0,367,9.6,0.0,---,---,---,---,---,---,---,---,---,---,52.2171509,0.1456298
1,3137.5,0.0,00:34:55.5,00:02:51.8,2.91,00:00:00.0,0.00,19.5,368,10.2,0.0,---,---,---,---,---,---,---,---,---,---,52.2170635,0.1455862
1,3147.4,0.0,00:34:58.6,00:02:46.7,3.00,00:00:00.0,0.00,19.5,369,9.8,0.0,---,---,---,---,---,---,---,---,---,---,52.2169781,0.1455485
1,3157.1,0.0,00:35:02.0,00:02:49.5,2.95,00:00:00.0,0.00,18.5,370,9.8,0.0,---,---,---,---,---,---,---,---,---,---,52.2168927,0.1455191
1,3166.0,0.0,00:35:05.0,00:02:56.1,2.84,00:00:00.0,0.00,19.5,371,8.9,0.0,---,---,---,---,---,---,---,---,---,---,52.2168142,0.1454936
1,3175.3,0.0,00:35:08.1,00:02:54.2,2.87,00:00:00.0,0.00,19.0,372,9.3,0.0,---,---,---,---,---,---,---,---,---,---,52.2167318,0.1454754
1,3184.6,0.0,00:35:11.2,00:02:53.0,2.89,00:00:00.0,0.00,19.0,373,9.3,0.0,---,---,---,---,---,---,---,---,---,---,52.2166491,0.1454544
1,3193.7,0.0,00:35:14.4,00:02:55.4,2.85,00:00:00.0,0.00,19.5,374,9.1,0.0,---,---,---,---,---,---,---,---,---,---,52.2165675,0.1454439
1,3235.5,0.0,00:35:50.2,00:05:08.6,1.62,00:00:00.0,0.00,28.5,375,41.7,0.0,---,---,---,---,---,---,---,---,---,---,52.2161965,0.1453694
1,3237.5,0.0,00:35:51.6,00:08:25.0,0.99,00:00:00.0,0.00,30.0,376,2.0,0.0,---,---,---,---,---,---,---,---,---,---,52.2161782,0.1453687
1,3244.1,0.0,00:35:55.0,00:05:08.6,1.62,00:00:00.0,0.00,17.5,377,6.6,0.0,---,---,---,---,---,---,---,---,---,---,52.2161189,0.1453675
1,3251.0,0.0,00:35:58.4,00:04:15.1,1.96,00:00:00.0,0.00,18.0,378,6.9,0.0,---,---,---,---,---,---,---,---,---,---,52.2160572,0.1453614
1,3259.2,0.0,00:36:01.5,00:03:36.4,2.31,00:00:00.0,0.00,18.0,379,8.2,0.0,---,---,---,---,---,---,---,---,---,---,52.2159838,0.1453427
1,3268.4,0.0,00:36:04.8,00:03:13.8,2.58,00:00:00.0,0.00,19.0,380,9.1,0.0,---,---,---,---,---,---,---,---,---,---,52.2159037,0.1453131
1,3277.0,0.0,00:36:08.0,00:03:04.5,2.71,00:00:00.0,0.00,18.5,381,8.7,0.0,---,---,---,---,---,---,---,---,---,---,52.2158278,0.1452856
1,3286.2,0.0,00:36:11.2,00:03:01.8,2.75,00:00:00.0,0.00,19.0,382,9.2,0.0,---,---,---,---,---,---,---,---,---,---,52.2157482,0.1452480
1,3295.3,0.0,00:36:14.4,00:02:56.7,2.83,00:00:00.0,0.00,18.5,383,9.1,0.0,---,---,---,---,---,---,---,---,---,---,52.2156697,0.1452108
1,3305.0,0.0,00:36:17.8,00:02:55.4,2.85,00:00:00.0,0.00,17.5,384,9.7,0.0,---,---,---,---,---,---,---,---,---,---,52.2155878,0.1451620
1,3314.0,0.0,00:36:21.0,00:02:55.4,2.85,00:00:00.0,0.00,18.0,385,9.0,0.0,---,---,---,---,---,---,---,---,---,---,52.2155115,0.1451180
1,3323.3,0.0,00:36:24.2,00:02:56.1,2.84,00:00:00.0,0.00,18.5,386,9.2,0.0,---,---,---,---,---,---,---,---,---,---,52.2154353,0.1450648
1,3332.7,0.0,00:36:27.6,00:02:56.7,2.83,00:00:00.0,0.00,18.0,387,9.4,0.0,---,---,---,---,---,---,---,---,---,---,52.2153619,0.1449969
1,3341.3,0.0,00:36:30.8,00:02:57.9,2.81,00:00:00.0,0.00,18.5,388,8.7,0.0,---,---,---,---,---,---,---,---,---,---,52.2152964,0.1449288
1,3350.3,0.0,00:36:34.0,00:03:00.5,2.77,00:00:00.0,0.00,18.5,389,9.0,0.0,---,---,---,---,---,---,---,---,---,---,52.2152279,0.1448583
1,3359.0,0.0,00:36:37.4,00:03:00.5,2.77,00:00:00.0,0.00,18.5,390,8.7,0.0,---,---,---,---,---,---,---,---,---,---,52.2151665,0.1447792
1,3367.9,0.0,00:36:40.4,00:02:57.9,2.81,00:00:00.0,0.00,18.5,391,8.8,0.0,---,---,---,---,---,---,---,---,---,---,52.2151074,0.1446927
1,3376.8,0.0,00:36:43.6,00:02:57.3,2.82,00:00:00.0,0.00,19.0,392,9.0,0.0,---,---,---,---,---,---,---,---,---,---,52.2150458,0.1446076
1,3385.8,0.0,00:36:46.8,00:03:00.5,2.77,00:00:00.0,0.00,18.5,393,9.0,0.0,---,---,---,---,---,---,---,---,---,---,52.2149885,0.1445148
1,3394.6,0.0,00:36:50.0,00:03:03.8,2.72,00:00:00.0,0.00,18.5,394,8.8,0.0,---,---,---,---,---,---,---,---,---,---,52.2149325,0.1444237
1,3403.0,0.0,00:36:53.2,00:03:05.9,2.69,00:00:00.0,0.00,18.5,395,8.5,0.0,---,---,---,---,---,---,---,---,---,---,52.2148781,0.1443381
1,3411.9,0.0,00:36:56.4,00:03:06.6,2.68,00:00:00.0,0.00,19.0,396,8.9,0.0,---,---,---,---,---,---,---,---,---,---,52.2148176,0.1442536
1,3420.5,0.0,00:36:59.6,00:03:06.6,2.68,00:00:00.0,0.00,18.5,397,8.6,0.0,---,---,---,---,---,---,---,---,---,---,52.2147598,0.1441692
1,3429.4,0.0,00:37:02.8,00:03:04.5,2.71,00:00:00.0,0.00,19.0,398,8.8,0.0,---,---,---,---,---,---,---,---,---,---,52.2147003,0.1440833
1,3438.1,0.0,00:37:06.0,00:03:02.5,2.74,00:00:00.0,0.00,18.5,399,8.7,0.0,---,---,---,---,---,---,---,---,---,---,52.2146406,0.1440017
1,3446.5,0.0,00:37:09.0,00:03:01.8,2.75,00:00:00.0,0.00,18.5,400,8.4,0.0,---,---,---,---,---,---,---,---,---,---,52.2145825,0.1439221
1,3455.3,0.0,00:37:12.2,00:03:03.1,2.73,00:00:00.0,0.00,18.5,401,8.8,0.0,---,---,---,---,---,---,---,---,---,---,52.2145183,0.1438472
1,3464.6,0.0,00:37:15.6,00:03:01.2,2.76,00:00:00.0,0.00,18.5,402,9.3,0.0,---,---,---,---,---,---,---,---,---,---,52.2144499,0.1437689
1,3473.2,0.0,00:37:18.6,00:02:59.9,2.78,00:00:00.0,0.00,19.0,403,8.6,0.0,---,---,---,---,---,---,---,---,---,---,52.2143872,0.1436956
1,3482.8,0.0,00:37:21.8,00:02:59.2,2.79,00:00:00.0,0.00,18.5,404,9.6,0.0,---,---,---,---,---,---,---,---,---,---,52.2143150,0.1436186
1,3491.9,0.0,00:37:25.0,00:02:56.1,2.84,00:00:00.0,0.00,19.5,405,9.1,0.0,---,---,---,---,---,---,---,---,---,---,52.2142496,0.1435385
1,3500.2,0.0,00:37:28.0,00:02:55.4,2.85,00:00:00.0,0.00,19.0,406,8.4,0.0,---,---,---,---,---,---,---,---,---,---,52.2141888,0.1434663
1,3509.0,0.0,00:37:31.4,00:02:56.7,2.83,00:00:00.0,0.00,19.0,407,8.7,0.0,---,---,---,---,---,---,---,---,---,---,52.2141235,0.1433949
1,3517.0,0.0,00:37:34.4,00:03:00.5,2.77,00:00:00.0,0.00,19.0,408,8.1,0.0,---,---,---,---,---,---,---,---,---,---,52.2140644,0.1433268
1,3524.8,0.0,00:37:37.4,00:03:06.6,2.68,00:00:00.0,0.00,19.0,409,7.8,0.0,---,---,---,---,---,---,---,---,---,---,52.2140049,0.1432663
1,3532.7,0.0,00:37:40.5,00:03:13.8,2.58,00:00:00.0,0.00,19.0,410,7.9,0.0,---,---,---,---,---,---,---,---,---,---,52.2139419,0.1432134
1,3541.0,0.0,00:37:43.7,00:03:13.1,2.59,00:00:00.0,0.00,19.0,411,8.3,0.0,---,---,---,---,---,---,---,---,---,---,52.2138734,0.1431653
1,3549.5,0.0,00:37:46.8,00:03:07.3,2.67,00:00:00.0,0.00,20.0,412,8.4,0.0,---,---,---,---,---,---,---,---,---,---,52.2138027,0.1431199
1,3558.0,0.0,00:37:50.0,00:03:06.6,2.68,00:00:00.0,0.00,18.5,413,8.5,0.0,---,---,---,---,---,---,---,---,---,---,52.2137317,0.1430729
1,3565.1,0.0,00:37:53.0,00:03:18.4,2.52,00:00:00.0,0.00,19.0,414,7.1,0.0,---,---,---,---,---,---,---,---,---,---,52.2136740,0.1430298
1,3570.5,0.0,00:37:56.2,00:04:28.8,1.86,00:00:00.0,0.00,19.5,415,5.5,0.0,---,---,---,---,---,---,---,---,---,---,52.2136325,0.1429878
1,3579.6,0.0,00:37:59.4,00:04:30.3,1.85,00:00:00.0,0.00,18.0,416,9.0,0.0,---,---,---,---,---,---,---,---,---,---,52.2135580,0.1429331
1,3588.4,0.0,00:38:02.6,00:03:19.2,2.51,00:00:00.0,0.00,18.5,417,8.8,0.0,---,---,---,---,---,---,---,---,---,---,52.2134844,0.1428847
1,3598.2,0.0,00:38:06.0,00:03:06.6,2.68,00:00:00.0,0.00,18.0,418,9.8,0.0,---,---,---,---,---,---,---,---,---,---,52.2134031,0.1428305
1,3607.4,0.0,00:38:09.2,00:03:02.5,2.74,00:00:00.0,0.00,18.0,419,9.3,0.0,---,---,---,---,---,---,---,---,---,---,52.2133267,0.1427769
1,3616.8,0.0,00:38:12.4,00:02:58.6,2.80,00:00:00.0,0.00,18.5,420,9.3,0.0,---,---,---,---,---,---,---,---,---,---,52.2132479,0.1427307
1,3626.4,0.0,00:38:15.6,00:02:57.3,2.82,00:00:00.0,0.00,18.5,421,9.7,0.0,---,---,---,---,---,---,---,---,---,---,52.2131645,0.1426899
1,3635.8,0.0,00:38:18.8,00:02:56.7,2.83,00:00:00.0,0.00,19.0,422,9.3,0.0,---,---,---,---,---,---,---,---,---,---,52.2130833,0.1426572
1,3645.1,0.0,00:38:22.0,00:03:00.5,2.77,00:00:00.0,0.00,19.5,423,9.3,0.0,---,---,---,---,---,---,---,---,---,---,52.2130034,0.1426170
1,3654.4,0.0,00:38:25.4,00:03:03.8,2.72,00:00:00.0,0.00,18.5,424,9.3,0.0,---,---,---,---,---,---,---,---,---,---,52.2129249,0.1425706
1,3662.4,0.0,00:38:28.4,00:03:03.8,2.72,00:00:00.0,0.00,19.0,425,8.1,0.0,---,---,---,---,---,---,---,---,---,---,52.2128577,0.1425255
1,3671.5,0.0,00:38:31.4,00:03:05.2,2.70,00:00:00.0,0.00,18.5,426,9.0,0.0,---,---,---,---,---,---,---,---,---,---,52.2127823,0.1424771
1,3680.7,0.0,00:38:34.6,00:03:00.5,2.77,00:00:00.0,0.00,19.0,427,9.3,0.0,---,---,---,---,---,---,---,---,---,---,52.2127073,0.1424178
1,3690.9,0.0,00:38:37.8,00:02:53.0,2.89,00:00:00.0,0.00,18.0,428,10.1,0.0,---,---,---,---,---,---,---,---,---,---,52.2126244,0.1423561
1,3699.4,0.0,00:38:41.0,00:02:55.4,2.85,00:00:00.0,0.00,19.0,429,8.5,0.0,---,---,---,---,---,---,---,---,---,---,52.2125555,0.1423031
1,3708.4,0.0,00:38:44.2,00:03:02.5,2.74,00:00:00.0,0.00,18.5,430,9.1,0.0,---,---,---,---,---,---,---,---,---,---,52.2124849,0.1422365
1,3717.1,0.0,00:38:47.4,00:03:10.1,2.63,00:00:00.0,0.00,18.5,431,8.6,0.0,---,---,---,---,---,---,---,---,---,---,52.2124208,0.1421651
1,3725.9,0.0,00:38:50.6,00:03:11.6,2.61,00:00:00.0,0.00,19.0,432,8.8,0.0,---,---,---,---,---,---,---,---,---,---,52.2123515,0.1421024
1,3734.9,0.0,00:38:53.8,00:03:09.4,2.64,00:00:00.0,0.00,18.0,433,9.0,0.0,---,---,---,---,---,---,---,---,---,---,52.2122807,0.1420398
1,3744.3,0.0,00:38:57.2,00:03:07.3,2.67,00:00:00.0,0.00,18.5,434,9.4,0.0,---,---,---,---,---,---,---,---,---,---,52.2122105,0.1419627
1,3753.5,0.0,00:39:00.4,00:03:05.9,2.69,00:00:00.0,0.00,18.5,435,9.2,0.0,---,---,---,---,---,---,---,---,---,---,52.2121442,0.1418823
1,3762.6,0.0,00:39:03.6,00:03:03.1,2.73,00:00:00.0,0.00,18.0,436,9.1,0.0,---,---,---,---,---,---,---,---,---,---,52.2120813,0.1417963
1,3772.4,0.0,00:39:07.0,00:03:01.2,2.76,00:00:00.0,0.00,18.0,437,9.8,0.0,---,---,---,---,---,---,---,---,---,---,52.2120146,0.1417036
1,3781.9,0.0,00:39:10.4,00:03:01.8,2.75,00:00:00.0,0.00,18.0,438,9.5,0.0,---,---,---,---,---,---,---,---,---,---,52.2119523,0.1416083
1,3790.8,0.0,00:39:13.5,00:02:59.2,2.79,00:00:00.0,0.00,18.5,439,9.0,0.0,---,---,---,---,---,---,---,---,---,---,52.2118999,0.1415087
1,3800.3,0.0,00:39:16.7,00:02:56.7,2.83,00:00:00.0,0.00,18.0,440,9.5,0.0,---,---,---,---,---,---,---,---,---,---,52.2118459,0.1414010
1,3833.1,0.0,00:39:31.6,00:03:44.2,2.23,00:00:00.0,0.00,35.5,441,32.8,0.0,---,---,---,---,---,---,---,---,---,---,52.2116712,0.1410140
1,3853.8,0.0,00:39:44.0,00:05:37.8,1.48,00:00:00.0,0.00,17.5,442,20.7,0.0,---,---,---,---,---,---,---,---,---,---,52.2115705,0.1407608
1,3860.9,0.0,00:39:47.4,00:04:33.2,1.83,00:00:00.0,0.00,18.0,443,7.1,0.0,---,---,---,---,---,---,---,---,---,---,52.2115332,0.1406768
1,3868.6,0.0,00:39:50.6,00:03:48.3,2.19,00:00:00.0,0.00,18.0,444,7.8,0.0,---,---,---,---,---,---,---,---,---,---,52.2114955,0.1405811
1,3876.7,0.0,00:39:53.6,00:03:25.8,2.43,00:00:00.0,0.00,19.5,445,8.0,0.0,---,---,---,---,---,---,---,---,---,---,52.2114558,0.1404830
1,3885.8,0.0,00:39:56.8,00:03:11.6,2.61,00:00:00.0,0.00,18.5,446,9.1,0.0,---,---,---,---,---,---,---,---,---,---,52.2114152,0.1403665
1,3895.1,0.0,00:39:60.0,00:03:03.8,2.72,00:00:00.0,0.00,19.0,447,9.3,0.0,---,---,---,---,---,---,---,---,---,---,52.2113786,0.1402431
1,3904.1,0.0,00:40:03.2,00:02:59.9,2.78,00:00:00.0,0.00,18.5,448,8.9,0.0,---,---,---,---,---,---,---,---,---,---,52.2113458,0.1401228
1,3913.1,0.0,00:40:06.4,00:02:59.2,2.79,00:00:00.0,0.00,19.5,449,9.0,0.0,---,---,---,---,---,---,---,---,---,---,52.2113221,0.1399969
1,3921.8,0.0,00:40:09.4,00:02:59.2,2.79,00:00:00.0,0.00,19.5,450,8.7,0.0,---,---,---,---,---,---,---,---,---,---,52.2113020,0.1398737
1,3930.4,0.0,00:40:12.6,00:03:03.1,2.73,00:00:00.0,0.00,19.0,451,8.6,0.0,---,---,---,---,---,---,---,---,---,---,52.2112817,0.1397528
1,3938.7,0.0,00:40:15.8,00:03:10.1,2.63,00:00:00.0,0.00,18.5,452,8.4,0.0,---,---,---,---,---,---,---,---,---,---,52.2112611,0.1396346
1,3946.7,0.0,00:40:18.8,00:03:13.1,2.59,00:00:00.0,0.00,19.0,453,8.0,0.0,---,---,---,---,---,---,---,---,---,---,52.2112437,0.1395214
1,3955.2,0.0,00:40:22.4,00:03:16.9,2.54,00:00:00.0,0.00,18.0,454,8.5,0.0,---,---,---,---,---,---,---,---,---,---,52.2112254,0.1394002
1,3962.7,0.0,00:40:25.4,00:03:25.8,2.43,00:00:00.0,0.00,18.0,455,7.5,0.0,---,---,---,---,---,---,---,---,---,---,52.2112118,0.1392931
1,3970.6,0.0,00:40:28.7,00:03:30.1,2.38,00:00:00.0,0.00,18.0,456,7.9,0.0,---,---,---,---,---,---,---,---,---,---,52.2112050,0.1391777
1,3978.4,0.0,00:40:32.0,00:03:31.9,2.36,00:00:00.0,0.00,18.0,457,7.8,0.0,---,---,---,---,---,---,---,---,---,---,52.2112043,0.1390627
1,3986.8,0.0,00:40:35.4,00:03:30.1,2.38,00:00:00.0,0.00,18.0,458,8.3,0.0,---,---,---,---,---,---,---,---,---,---,52.2112031,0.1389406
1,4010.0,0.0,00:41:17.4,00:05:49.6,1.43,00:00:00.0,0.00,27.5,459,23.3,0.0,---,---,---,---,---,---,---,---,---,---,52.2112352,0.1386463
1,4010.0,0.0,00:41:18.8,00:09:09.5,0.91,00:00:00.0,0.00,28.5,460,0.0,0.0,---,---,---,---,---,---,---,---,---,---,52.2112330,0.1386181
1,4015.7,0.0,00:41:22.4,00:05:12.5,1.60,00:00:00.0,0.00,17.0,461,5.7,0.0,---,---,---,---,---,---,---,---,---,---,52.2112361,0.1385209
1,4023.9,0.0,00:41:25.8,00:03:59.2,2.09,00:00:00.0,0.00,17.5,462,8.3,0.0,---,---,---,---,---,---,---,---,---,---,52.2112429,0.1384007
1,4032.5,0.0,00:41:29.2,00:03:24.1,2.45,00:00:00.0,0.00,18.0,463,8.6,0.0,---,---,---,---,---,---,---,---,---,---,52.2112543,0.1382761
1,4041.0,0.0,00:41:32.4,00:03:14.6,2.57,00:00:00.0,0.00,18.5,464,8.5,0.0,---,---,---,---,---,---,---,---,---,---,52.2112604,0.1381524
1,4049.6,0.0,00:41:35.6,00:03:09.4,2.64,00:00:00.0,0.00,18.0,465,8.6,0.0,---,---,---,---,---,---,---,---,---,---,52.2112638,0.1380266
1,4058.3,0.0,00:41:38.8,00:03:05.9,2.69,00:00:00.0,0.00,18.5,466,8.7,0.0,---,---,---,---,---,---,---,---,---,---,52.2112659,0.1378991
1,4067.5,0.0,00:41:42.2,00:03:03.1,2.73,00:00:00.0,0.00,19.0,467,9.3,0.0,---,---,---,---,---,---,---,---,---,---,52.2112693,0.1377634
1,4076.3,0.0,00:41:45.4,00:03:02.5,2.74,00:00:00.0,0.00,18.0,468,8.8,0.0,---,---,---,---,---,---,---,---,---,---,52.2112684,0.1376349
1,4085.0,0.0,00:41:48.6,00:03:03.1,2.73,00:00:00.0,0.00,18.5,469,8.7,0.0,---,---,---,---,---,---,---,---,---,---,52.2112649,0.1375079
1,4093.7,0.0,00:41:51.8,00:03:04.5,2.71,00:00:00.0,0.00,18.5,470,8.7,0.0,---,---,---,---,---,---,---,---,---,---,52.2112560,0.1373812
1,4103.0,0.0,00:41:55.5,00:03:04.5,2.71,00:00:00.0,0.00,18.0,471,9.4,0.0,---,---,---,---,---,---,---,---,---,---,52.2112361,0.1372476
1,4111.5,0.0,00:41:58.5,00:03:02.5,2.74,00:00:00.0,0.00,18.0,472,8.4,0.0,---,---,---,---,---,---,---,---,---,---,52.2112117,0.1371305
1,4120.2,0.0,00:42:01.6,00:03:02.5,2.74,00:00:00.0,0.00,19.0,473,8.7,0.0,---,---,---,---,---,---,---,---,---,---,52.2111786,0.1370153
1,4129.0,0.0,00:42:04.8,00:03:01.8,2.75,00:00:00.0,0.00,18.5,474,8.8,0.0,---,---,---,---,---,---,---,---,---,---,52.2111410,0.1369020
1,4136.8,0.0,00:42:08.0,00:03:07.3,2.67,00:00:00.0,0.00,18.5,475,7.9,0.0,---,---,---,---,---,---,---,---,---,---,52.2110948,0.1368140
1,4145.1,0.0,00:42:11.2,00:03:20.0,2.50,00:00:00.0,0.00,18.5,476,8.2,0.0,---,---,---,---,---,---,---,---,---,---,52.2110556,0.1367216
1,4148.7,0.0,00:42:14.4,00:04:12.5,1.98,00:00:00.0,0.00,18.5,477,3.6,0.0,---,---,---,---,---,---,---,---,---,---,52.2110470,0.1366681
1,4155.7,0.0,00:42:17.6,00:05:10.6,1.61,00:00:00.0,0.00,19.0,478,7.1,0.0,---,---,---,---,---,---,---,---,---,---,52.2110104,0.1365806
1,4168.1,0.0,00:42:20.8,00:03:48.3,2.19,00:00:00.0,0.00,18.5,479,12.4,0.0,---,---,---,---,---,---,---,---,---,---,52.2109321,0.1364516
1,4179.8,0.0,00:42:24.0,00:02:59.9,2.78,00:00:00.0,0.00,18.0,480,11.7,0.0,---,---,---,---,---,---,---,---,---,---,52.2108591,0.1363286
1,4199.0,0.0,00:42:31.5,00:03:08.0,2.66,00:00:00.0,0.00,8.0,481,19.2,0.0,---,---,---,---,---,---,---,---,---,---,52.2107569,0.1361022
1,4203.7,0.0,00:42:33.4,00:03:44.2,2.23,00:00:00.0,0.00,35.5,482,4.8,0.0,---,---,---,---,---,---,---,---,---,---,52.2107301,0.1360484
1,4205.9,0.0,00:42:34.6,00:03:48.3,2.19,00:00:00.0,0.00,41.5,483,2.2,0.0,---,---,---,---,---,---,---,---,---,---,52.2107179,0.1360226
1,4213.9,0.0,00:42:37.7,00:03:30.1,2.38,00:00:00.0,0.00,18.5,484,8.0,0.0,---,---,---,---,---,---,---,---,---,---,52.2106728,0.1359308
1,4222.6,0.0,00:42:40.8,00:03:18.4,2.52,00:00:00.0,0.00,19.0,485,8.6,0.0,---,---,---,---,---,---,---,---,---,---,52.2106251,0.1358306
1,4232.0,0.0,00:42:44.0,00:03:03.8,2.72,00:00:00.0,0.00,19.5,486,9.4,0.0,---,---,---,---,---,---,---,---,---,---,52.2105787,0.1357159
1,4241.0,0.0,00:42:47.0,00:02:59.9,2.78,00:00:00.0,0.00,19.0,487,9.0,0.0,---,---,---,---,---,---,---,---,---,---,52.2105405,0.1355993
1,4249.9,0.0,00:42:50.2,00:03:00.5,2.77,00:00:00.0,0.00,19.5,488,8.9,0.0,---,---,---,---,---,---,---,---,---,---,52.2105133,0.1354768
1,4258.3,0.0,00:42:53.2,00:03:01.2,2.76,00:00:00.0,0.00,19.0,489,8.4,0.0,---,---,---,---,---,---,---,---,---,---,52.2104935,0.1353572
1,4267.2,0.0,00:42:56.4,00:03:01.8,2.75,00:00:00.0,0.00,19.0,490,8.8,0.0,---,---,---,---,---,---,---,---,---,---,52.2104812,0.1352291
1,4275.5,0.0,00:42:59.4,00:03:01.8,2.75,00:00:00.0,0.00,19.5,491,8.3,0.0,---,---,---,---,---,---,---,---,---,---,52.2104722,0.1351080
1,4284.1,0.0,00:43:02.6,00:03:05.2,2.70,00:00:00.0,0.00,19.5,492,8.7,0.0,---,---,---,---,---,---,---,---,---,---,52.2104634,0.1349823
1,4292.6,0.0,00:43:05.8,00:03:08.0,2.66,00:00:00.0,0.00,18.5,493,8.5,0.0,---,---,---,---,---,---,---,---,---,---,52.2104594,0.1348583
1,4301.4,0.0,00:43:09.0,00:03:05.2,2.70,00:00:00.0,0.00,19.0,494,8.8,0.0,---,---,---,---,---,---,---,---,---,---,52.2104622,0.1347287
1,4309.7,0.0,00:43:12.0,00:03:02.5,2.74,00:00:00.0,0.00,19.0,495,8.3,0.0,---,---,---,---,---,---,---,---,---,---,52.2104629,0.1346067
1,4318.3,0.0,00:43:15.2,00:03:01.8,2.75,00:00:00.0,0.00,19.0,496,8.6,0.0,---,---,---,---,---,---,---,---,---,---,52.2104559,0.1344813
1,4327.1,0.0,00:43:18.4,00:03:03.8,2.72,00:00:00.0,0.00,18.5,497,8.8,0.0,---,---,---,---,---,---,---,---,---,---,52.2104498,0.1343533
1,4336.0,0.0,00:43:21.6,00:03:06.6,2.68,00:00:00.0,0.00,18.5,498,8.9,0.0,---,---,---,---,---,---,---,---,---,---,52.2104481,0.1342228
1,4344.9,0.0,00:43:24.8,00:03:01.8,2.75,00:00:00.0,0.00,19.0,499,8.9,0.0,---,---,---,---,---,---,---,---,---,---,52.2104446,0.1340916
1,4353.6,0.0,00:43:27.8,00:02:58.6,2.80,00:00:00.0,0.00,19.0,500,8.6,0.0,---,---,---,---,---,---,---,---,---,---,52.2104421,0.1339654
1,4362.6,0.0,00:43:31.0,00:02:59.2,2.79,00:00:00.0,0.00,19.0,501,9.0,0.0,---,---,---,---,---,---,---,---,---,---,52.2104408,0.1338330
1,4371.6,0.0,00:43:34.5,00:02:58.6,2.80,00:00:00.0,0.00,19.5,502,9.0,0.0,---,---,---,---,---,---,---,---,---,---,52.2104449,0.1337010
1,4380.0,0.0,00:43:37.5,00:02:59.2,2.79,00:00:00.0,0.00,18.0,503,8.4,0.0,---,---,---,---,---,---,---,---,---,---,52.2104506,0.1335782
1,4388.6,0.0,00:43:40.5,00:03:00.5,2.77,00:00:00.0,0.00,18.5,504,8.6,0.0,---,---,---,---,---,---,---,---,---,---,52.2104597,0.1334531
1,4398.3,0.0,00:43:43.8,00:02:59.2,2.79,00:00:00.0,0.00,18.5,505,9.8,0.0,---,---,---,---,---,---,---,---,---,---,52.2104675,0.1333107
1,4407.0,0.0,00:43:47.0,00:02:58.6,2.80,00:00:00.0,0.00,19.0,506,8.7,0.0,---,---,---,---,---,---,---,---,---,---,52.2104735,0.1331838
1,4415.6,0.0,00:43:50.2,00:03:02.5,2.74,00:00:00.0,0.00,18.5,507,8.6,0.0,---,---,---,---,---,---,---,---,---,---,52.2104782,0.1330581
